NCT Number,Study Title,Study URL,Conditions,Sponsor,Start Date,Primary Completion Date,Completion Date,First Posted,Results First Posted,Last Update Posted
NCT06675929,A Study to Test How Well BI 770371 is Tolerated by People With Cirrhosis Caused by a Liver Disease Called MASH,https://clinicaltrials.gov/study/NCT06675929,Compensated Liver Cirrhosis|Metabolic Dysfunction Associated Steatohepatitis (MASH),Boehringer Ingelheim,2024-11-11,2025-12-29,2025-12-29,2024-11-05,,2024-11-05
NCT06675916,Assessment of PENG Block Analgesia Versus Intra-articular Infiltration in Hip Prosthesis Surgery,https://clinicaltrials.gov/study/NCT06675916,Analgesia,GCS Ramsay Santé pour l'Enseignement et la Recherche,2022-03-01,2023-03-31,2023-03-31,2024-11-05,,2024-11-05
NCT06675903,Continuous Glucose Monitoring (CGM) After Kidney Transplantation,https://clinicaltrials.gov/study/NCT06675903,Hyperglycaemia|Kidney Transplantation,Bo Feldt-Rasmussen,2024-11-01,2026-01-01,2026-01-01,2024-11-05,,2024-11-05
NCT06675890,Homocysteine and Coronary Artery Disease,https://clinicaltrials.gov/study/NCT06675890,Coronary Arterial Disease (CAD),Shaqra University,2022-03-01,2023-12-30,2023-12-30,2024-11-05,,2024-11-05
NCT06675877,Impact of Virtual Reality on Pediatric Patients with ESRD on Regular Hemodialysis Through Arteriovenous Fistula.,https://clinicaltrials.gov/study/NCT06675877,Pain|Anxiety,Tanta University,2024-04-01,2024-11-01,2024-11-30,2024-11-05,,2024-11-05
NCT06675864,"Open-label, Multi-center, Phase I/II Study to Assess Safety, Disease Progression and Cellular Kinetics Following YTB323 Administration in Participants With Non-active Progressive Multiple Sclerosis (PMS)",https://clinicaltrials.gov/study/NCT06675864,Progressive Multiple Sclerosis,Novartis Pharmaceuticals,2024-12-12,2030-06-13,2030-06-13,2024-11-05,,2024-11-05
NCT06675851,Reward-specific Changes of the Chemical Messenger Dopamine in the Brain of Healthy and Depressed People,https://clinicaltrials.gov/study/NCT06675851,Major Depressive Disorder (MDD),Medical University of Vienna,2022-12-01,2026-12,2026-12,2024-11-05,,2024-11-05
NCT06675838,Impact of Slavin's Effective Teaching Model on Procrastination in Nursing Students: a Quasi-Experimental Study,https://clinicaltrials.gov/study/NCT06675838,Procrastination|Educational Intervention|Time Management,University of Beykent,2024-12-01,2025-01-01,2025-03-01,2024-11-05,,2024-11-05
NCT06675825,An Innovative Endoscopic Cap for Dilating Benign Esophageal Strictures in Children,https://clinicaltrials.gov/study/NCT06675825,Esophageal Stenosis|Esophageal Dilation,"University Children's Hospital, Zurich",2024-11,2026-11,2026-11,2024-11-05,,2024-11-05
NCT06675812,Improving Help-seeking Propensity Through a Micro-intervention Targeting Common Concerns Among Individuals with Alcohol Problems: a Randomized Controlled Experiment,https://clinicaltrials.gov/study/NCT06675812,Alcohol Abuse|Harmful Alcohol Use|Hazardous Alcohol Use|Hazardous Drinking|Risky Drinking,Karolinska Institutet,2024-11,2025-12,2026-11,2024-11-05,,2024-11-05
NCT06675799,Pilot Sleep Extension and Mood,https://clinicaltrials.gov/study/NCT06675799,Internalizing Mental Health Symptoms|Sleep Problems,University of Illinois at Chicago,2024-11-01,2025-07-31,2025-09-01,2024-11-05,,2024-11-05
NCT06675786,The Effect of Catheter Protector on Catheter Dwell Time and Complications,https://clinicaltrials.gov/study/NCT06675786,Peripheral Catheterization|Complications,Karamanoğlu Mehmetbey University,2024-11-01,2025-05-30,2025-05-30,2024-11-05,,2024-11-05
NCT06675773,The Effect of Conscious Awareness Development Psychoeducation Program Prepared for Caregivers,https://clinicaltrials.gov/study/NCT06675773,Mental Health Issue,Kafkas University,2024-12-15,2025-11-15,2025-11-15,2024-11-05,,2024-11-05
NCT06675760,The Effect of Mobile Augmented Reality Application on Nursing Students' Knowledge Skills and Motivation,https://clinicaltrials.gov/study/NCT06675760,Education|Nursing,Izmir University of Economics,2024-04-22,2024-06-05,2024-06-05,2024-11-05,,2024-11-05
NCT06675747,Evaluation of the Effect of Occlusal Splint Use on Masticatory Muscles,https://clinicaltrials.gov/study/NCT06675747,Myofascial Pain - Dysfunction Syndrome of TMJ,Istanbul University,2024-02-01,2024-07-01,2024-08-20,2024-11-05,,2024-11-05
NCT06675734,Pain Management After Free Gingival Graft Surgery,https://clinicaltrials.gov/study/NCT06675734,"Gingival Recession, Localized|Gingival Recession, Generalized|Gingival Recession, Mucogingival Surgery",Istanbul Aydın University,2023-11-29,2024-05-01,2024-05-27,2024-11-05,,2024-11-05
NCT06675721,A Survey of Acceptance and Factors Associated With Hesitancy Vaccination in Northeast Brazil,https://clinicaltrials.gov/study/NCT06675721,Vaccine Hesitancy|Vaccine Refusal,Centro De Estudos E Pesquisas Em Molestias Infecciosas,2024-12,2025-12,2025-12,2024-11-05,,2024-11-05
NCT06675708,"Effectiveness of Creatine on Pain, Fatigue, and Muscle Architectural Variables in Patients Witg Fibromyalgia.",https://clinicaltrials.gov/study/NCT06675708,Fibromyalgia,Camilo Jose Cela University,2024-11-30,2025-04-30,2025-05-30,2024-11-05,,2024-11-05
NCT06675695,Emulation of the FLAURA (NCT02296125) Trial Using Specialty Oncology Electronic Health Records Databases,https://clinicaltrials.gov/study/NCT06675695,Non Small Cell Lung Cancer,Brigham and Women's Hospital,2024-10-30,2025-01,2025-01,2024-11-05,,2024-11-05
NCT06675682,Beetroot Juice Effects on Contractile or Neuromuscular Properties in Male Trained Sprinters,https://clinicaltrials.gov/study/NCT06675682,Nitrates|Placebo,Universidad Pontificia Comillas,2021-03-17,2021-03-24,2021-03-31,2024-11-05,,2024-11-05
NCT06675669,"Effect of Reflective Thinking Method on Ethical Decision Making, Professional Values and Compassion Level",https://clinicaltrials.gov/study/NCT06675669,Ethical Decision Making|Professional Values|Compassion,Necmettin Erbakan University,2024-11-22,2024-11-22,2025-03-31,2024-11-05,,2024-11-05
NCT06675656,Predictive Role of Microbiome in Patients With Urothelial Carcinoma,https://clinicaltrials.gov/study/NCT06675656,Urinary Bladder Cancer,IRCCS San Raffaele,2024-11,2027-11,2035-11,2024-11-05,,2024-11-05
NCT06675643,Digital Remote Monitoring of Immune Checkpoint Inhibitor Therapy Induced Toxicity: A Feasibility Study of the Vigilant App (Vigilant-2),https://clinicaltrials.gov/study/NCT06675643,Malignant Skin Neoplasm|Melanoma,Mayo Clinic,2024-10-14,2025-10-15,2025-10-15,2024-11-05,,2024-11-05
NCT06675630,Investigating Food Intake Across the Adult Life Course and Relevant Communication Strategies,https://clinicaltrials.gov/study/NCT06675630,Individual Differences|Food Intake|Behaviour Change,University of Reading,2024-09-01,2025-07-01,2025-12-01,2024-11-05,,2024-11-05
NCT06675617,EXtensive MulTilayer StEnt TreatmeNt in Aortic DisSectiOn,https://clinicaltrials.gov/study/NCT06675617,Type B Aortic Dissection,Intressa Vascular SA,2024-11,2027-04,2031-04,2024-11-05,,2024-11-05
NCT06675604,LEOPARD Training and Validation Data Collection Study,https://clinicaltrials.gov/study/NCT06675604,Decompensated Liver Cirrhosis|Primary Biliary Cholangitis|Primary Sclerosing Cholangitis|Hepato-cellular Carcinoma,Assistance Publique - Hôpitaux de Paris,2024-11,2027-12,2028-11,2024-11-05,,2024-11-05
NCT06675591,Mortality and Neurologic Outcomes in Rapid vs. Slow Hyponatremia Correction,https://clinicaltrials.gov/study/NCT06675591,Hyponatremia|Hospitalisation|Mortality|SEVERE HYPONATREMIA,Hospital Italiano de Buenos Aires,2024-03-01,2024-04-30,2024-05-01,2024-11-05,,2024-11-05
NCT06675578,Treatment of Periodontitis Stage II by Tulsi Gel,https://clinicaltrials.gov/study/NCT06675578,"Periodontitis, Stage II",Al-Azhar University,2024-11,2024-12,2025-02,2024-11-05,,2024-11-05
NCT06675565,A Study to Evaluate ALN-AGT01 RVR in Adult Healthy Volunteers,https://clinicaltrials.gov/study/NCT06675565,Healthy Volunteers,Alnylam Pharmaceuticals,2024-11-05,2025-08-05,2025-08-05,2024-11-05,,2024-11-05
NCT06675552,Non-interventional Study on Guideline Directed Medical Therapy for Patients With Heart Failure (HF) in Germany,https://clinicaltrials.gov/study/NCT06675552,"Heart Disease|Heart Failure|Cardiovascular Disease|Heart Failure, Systolic",AstraZeneca,2024-10-31,2026-12-31,2026-12-31,2024-11-05,,2024-11-05
NCT06675539,Validation of the French Version of the Prediction of the Alcohol Withdrawal Severity Scale (PAWSS),https://clinicaltrials.gov/study/NCT06675539,"Addiction, Substance|Alcohol Use Disorder|Alcohol Dependence|Alcohol Withdrawal",Etablissement Public de Santé Barthélemy Durand,2024-11,2027-10,2027-10,2024-11-05,,2024-11-05
NCT06675526,Detour: a Smartphone Game to Help Youth Quit Smoking,https://clinicaltrials.gov/study/NCT06675526,Smoking Cessation|Smoking Reduction|Adolescent Behavior|Social Behavior,Behavioural Science Institute,2024-07-05,2025-12-31,2026-08-31,2024-11-05,,2024-11-05
NCT06675513,Autologous CAR-T Cells (WD-01) for Metastatic Colorectal Cancer,https://clinicaltrials.gov/study/NCT06675513,CRC (colorectal Cancer)|Metastatic Colorectal Cancer,Wondercel Biotech (ShenZhen),2024-11-10,2027-12-30,2029-12-30,2024-11-05,,2024-11-05
NCT06675500,Evaluation of the Role of Magnesium in Prevention of AF Post Cardiac Surgery,https://clinicaltrials.gov/study/NCT06675500,Atrial Fibrillation (AF)|Magnesium Sulfate|Post Cardiac Surgery Patients,Ain Shams University,2024-11,2025-04,2025-10,2024-11-05,,2024-11-05
NCT06675487,Assessment of Functional Efficiency of the Upper Limb After Stroke,https://clinicaltrials.gov/study/NCT06675487,"Stroke, Ischemic",University of Rzeszow,2024-12-01,2025-12-30,2026-01-31,2024-11-05,,2024-11-05
NCT06675474,Microbiome and Proteome Mapping in Periodontitis,https://clinicaltrials.gov/study/NCT06675474,Periodontitis,Aydin Adnan Menderes University,2019-12-04,2020-02-12,2020-05-15,2024-11-05,,2024-11-05
NCT06675461,Randomized Controlled Trial of a Brief Psychological Intervention for Suicidal Patients with Borderline Personality Disorder in the Emergency Department,https://clinicaltrials.gov/study/NCT06675461,Borderline Personality Disorder (BPD),Centre for Addiction and Mental Health,2024-11,2026-11,2026-11,2024-11-05,,2024-11-05
NCT06675448,In Search of Best Practices for Patients With Heart Failure and Secondary Mitral Regurgitation: An Evaluation of the Inova Heart Failure Treatment Algorithm,https://clinicaltrials.gov/study/NCT06675448,Mitral Regurgitation|Valvular Heart Disease|Heart Failure,Inova Health Care Services,2021-01-28,2029-09-10,2030-09-10,2024-11-05,,2024-11-05
NCT06675435,Inhaled Nitric Oxide in Severe Obesity,https://clinicaltrials.gov/study/NCT06675435,Obesity|Respiratory Insufficiency|Hypoxemic Respiratory Failure|Nitric Oxide,Massachusetts General Hospital,2025-10,2027-10,2027-12,2024-11-05,,2024-11-05
NCT06675422,JY231 Injection for the Treatment of Active Systemic Lupus Erythematosus (SLE),https://clinicaltrials.gov/study/NCT06675422,Systemic Lupus Erythematosus (SLE),920th Hospital of Joint Logistics Support Force of People's Liberation Army of China,2024-10-09,2026-09-30,2026-12-31,2024-11-05,,2024-11-05
NCT06675409,Expert Guided Training Versus Self Learning with Virtual Patients,https://clinicaltrials.gov/study/NCT06675409,Educational Problems|Virtual Patient|Emergencies,Acibadem University,2024-08-15,2024-09-30,2024-11-15,2024-11-05,,2024-11-05
NCT06675396,Pharmacogenomics of Mood Disorder in Chronic Kidney Disease Patients,https://clinicaltrials.gov/study/NCT06675396,Chronic Kidney Disease(CKD)|Depression,Wonju Severance Christian Hospital,2024-12-01,2026-12-31,2028-12-31,2024-11-05,,2024-11-05
NCT06675383,SCREENING AFTER STROKE - ATRIAL FIBRILLATION,https://clinicaltrials.gov/study/NCT06675383,Atrial Fibrillation (AF),Vestre Viken Hospital Trust,2024-11-01,2027-12-31,2033-12-31,2024-11-05,,2024-11-05
NCT06675370,The Glittre Activities of Daily Living Test in Chronic Low Back Pain,https://clinicaltrials.gov/study/NCT06675370,Chronic Low Back Pain,Kirsehir Ahi Evran Universitesi,2024-11,2025-08,2026-01,2024-11-05,,2024-11-05
NCT06675357,Using FAPI PET/MRI to Evaluate Prostate Cancer,https://clinicaltrials.gov/study/NCT06675357,Prostate Cancer Metastatic Disease|Prostate Cancers,"University of Wisconsin, Madison",2024-11,2026-10,2026-10,2024-11-05,,2024-11-05
NCT06675344,"The Apollo Device in Systemic Sclerosis for the Management of fatiguE, Raynaud Phenomenon and qualiTy of Life",https://clinicaltrials.gov/study/NCT06675344,Systemic Sclerosis (SSc),"Robyn T. Domsic, MD, MPH",2024-12-01,2028-03-01,2028-09,2024-11-05,,2024-11-05
NCT06675331,Mutton Heart Failure Food is Medicine Pilot,https://clinicaltrials.gov/study/NCT06675331,Heart Failure,University of Pennsylvania,2024-10-07,2025-02-07,2026-10-01,2024-11-05,,2024-11-05
NCT06675318,The Effect of Contralateral Isokinetic Lower Extremity Exercises in Unilateral Painful Knee Osteoarthritis,https://clinicaltrials.gov/study/NCT06675318,"Osteoarthritis, Knee|Exercise",Gazi University,2022-11-30,2023-07-31,2023-08-31,2024-11-05,,2024-11-05
NCT06675305,Acute Effects of Beetroot Juice Ingestion on Cognitive Function and Neuromuscular Performance in Elite Female Taekwondo Athletes,https://clinicaltrials.gov/study/NCT06675305,Dietary Supplements: Beetroot Juice Acute Supplementation|Dietary Supplement: Placebo Acute Supplementation,Universidad Pontificia Comillas,2022-05-01,2022-07-01,2022-08-15,2024-11-05,,2024-11-05
NCT06675292,Psychometric Properties of the Turkish Version of the HANA in Tension Type Headache,https://clinicaltrials.gov/study/NCT06675292,Tension Type Headache,Tokat Gaziosmanpasa University,2024-10-01,2024-11-01,2024-11-01,2024-11-05,,2024-11-05
NCT06675279,Psychometric Properties of the Turkish Version of the HANA in Migraine,https://clinicaltrials.gov/study/NCT06675279,Migraine,Tokat Gaziosmanpasa University,2024-03-01,2024-09-01,2024-09-01,2024-11-05,,2024-11-05
NCT06675266,AIRFRAME: Artificial Intelligence for Recognition of Fetal bRain AnoMaliEs at Second Trimester Fetal Brain Scan,https://clinicaltrials.gov/study/NCT06675266,Fetal Anomalies|Brain Malformation,Fondazione Policlinico Universitario Agostino Gemelli IRCCS,2023-04-30,2024-12-30,2026-12-30,2024-11-05,,2024-11-05
NCT06675253,Perioperative Fluid Therapy from the Perspective of an Anesthesiologist,https://clinicaltrials.gov/study/NCT06675253,Perioperative Care,Medical University of Silesia,2021-08-28,2022-04-15,2022-04-15,2024-11-05,,2024-11-05
NCT06675240,Meditative Neurofeedback for Depression,https://clinicaltrials.gov/study/NCT06675240,Depression - Major Depressive Disorder|Depression Disorders,"University of California, San Diego",2024-11-15,2025-11-15,2026-06-15,2024-11-05,,2024-11-05
NCT06675227,Comparison of Electrolyte Beverages and Water As Solvents for Bowel Preparation,https://clinicaltrials.gov/study/NCT06675227,Bowel Preparation Before Colonoscopy,Third Military Medical University,2024-11-11,2025-12-30,2025-12-31,2024-11-05,,2024-11-05
NCT06675214,"Under Whole-course of Immunotherapy, Gradient Fractionated RT with CCT Versus CFRT with CCT for LANPC Who Achieved PR Post Induction Chemotherapy.",https://clinicaltrials.gov/study/NCT06675214,Nasopharyngeal Carcinoma|De-escalation Therapy,Sun Yat-sen University,2024-07-30,2027-07-31,2030-07-31,2024-11-05,,2024-11-05
NCT06675201,Neoantigen Vaccines in Esophageal Squamous Cell Carcinoma,https://clinicaltrials.gov/study/NCT06675201,Esophageal Squamous Cell Carcinoma (ESCC)|Neoantigen-loaded Dendritic Cell Vaccine|Immune Checkpoint Inhibitors (ICIs),Sichuan University,2024-10-01,2027-10-01,2027-10-01,2024-11-05,,2024-11-05
NCT06675188,A Study to Learn More About the Study Medicine PF-07275315 in Healthy Chinese Adult Participants,https://clinicaltrials.gov/study/NCT06675188,Healthy,Pfizer,2025-01-14,2025-08-16,2025-08-16,2024-11-05,,2024-11-05
NCT06675175,"A Phase 1b Study to Assess the Safety, Tolerability, and Pharmacodynamics of AZD4144 in Participants With Established Atherosclerotic Cardiovascular and Chronic Kidney Disease.",https://clinicaltrials.gov/study/NCT06675175,Chronic Kidney Disease|Atherosclerotic Cardiovascular Disease,AstraZeneca,2024-11-27,2025-08-13,2025-08-13,2024-11-05,,2024-11-05
NCT06675162,Effect of Muscle Strengthening Training with Pilates Reformer on Overweight/obese and Normal Body Weight Women (PRET),https://clinicaltrials.gov/study/NCT06675162,Physiological Responses|Pilates Exercise|Overweight and Obese Women|Energy Expenditure|Strength Training,University of Thessaly,2024-11,2024-12,2025-01,2024-11-05,,2024-11-05
NCT06675149,Diacutaneus Fibrolysis on Tempromandibular Joint Pain and Trismus Post Oral Surgery,https://clinicaltrials.gov/study/NCT06675149,TMJ Pain,Cairo University,2024-08-20,2024-09-20,2024-11-03,2024-11-05,,2024-11-05
NCT06675136,Nab-Paclitaxel PIPAC in Combination With Paclitaxel and Ramucirumab for the Treatment of Stomach Cancer With Peritoneal Metastases,https://clinicaltrials.gov/study/NCT06675136,Clinical Stage IVB Gastric Cancer AJCC v8|Metastatic Gastric Adenocarcinoma|Metastatic Malignant Neoplasm in the Peritoneum,City of Hope Medical Center,2025-10-17,2026-11-11,2026-11-11,2024-11-05,,2024-11-05
NCT06675123,Pacritinib in Combination With a BTK Inhibitor for the Treatment of Patients With Relapsed or Refractory Mantle Cell Lymphoma,https://clinicaltrials.gov/study/NCT06675123,Recurrent Mantle Cell Lymphoma|Refractory Mantle Cell Lymphoma,City of Hope Medical Center,2025-11-01,2026-11-01,2026-11-01,2024-11-05,,2024-11-05
NCT06675110,QuEST - Quick and Easy Scrub Typhus Diagnostic Tools,https://clinicaltrials.gov/study/NCT06675110,Scrub Typhus,University of Oxford,2024-07-17,2025-03-31,2025-04-30,2024-11-05,,2024-11-05
NCT06675097,Assessment of the Impact of Intestinal Gas Emission Quality on the Postoperative Course After Abdominal Surgery: Single-center Prospective Study,https://clinicaltrials.gov/study/NCT06675097,Postoperative Recovery of Flatus|Postoperative Complication,"University Hospital, Angers",2025-02,2026-02,2026-10,2024-11-05,,2024-11-05
NCT06675084,Mortality and Rehospitalization Risk Assessment by Skilled Caregivers Compared to Existing Tools in Acute Geriatric Departments,https://clinicaltrials.gov/study/NCT06675084,Clinical Decision Support,"Shmuel Harofeh Hospital, Geriatric Medical Center",2024-11-10,2026-11-01,2027-05-01,2024-11-05,,2024-11-05
NCT06675071,Mortality Risk Assessment by Skilled Staff Compared to Existing Validated Tools in Skilled Nursing Departments,https://clinicaltrials.gov/study/NCT06675071,Mortality Prediction,"Shmuel Harofeh Hospital, Geriatric Medical Center",2024-11-10,2027-11-01,2028-01-01,2024-11-05,,2024-11-05
NCT06675058,Caries Location and Its Effect on the Success Rate of Indirect Pulp Treatment in Primary Molars,https://clinicaltrials.gov/study/NCT06675058,Deep Caries Lesion of Primary Teeth|Dental Pulp Diseases|Deep Proximal Caries|Deep Occlusal Caries|Reversible Pulpitis|Pulpitis|Decayed Teeth,Cairo University,2024-12-01,2026-08-01,2026-08-18,2024-11-05,,2024-11-05
NCT06675045,Respiratory Variability in Patients With Acute Hypoxemic Respiratory Failure and Placed on High Flow Oxygen Therapy,https://clinicaltrials.gov/study/NCT06675045,Acute Respiratory Insufficiency,GCS Ramsay Santé pour l'Enseignement et la Recherche,2024-12-01,2026-06-30,2026-06-30,2024-11-05,,2024-11-05
NCT06675032,Phase I Clinical Trial of PCV24 in Children Aged 2 Months (Minimum 6 Weeks) to 17 Years,https://clinicaltrials.gov/study/NCT06675032,Pneumococcal Infectious Disease,"Shanghai Reinovax Biologics Co.,LTD",2024-04-27,2026-02,2026-03,2024-11-05,,2024-11-05
NCT06675019,The Effect of Manual Therapy Versus Kinesio Taping on Tension-type Headache in Jouf University Female Students,https://clinicaltrials.gov/study/NCT06675019,Tension Type Headache,Cairo University,2024-11-15,2025-01-15,2025-01-15,2024-11-05,,2024-11-05
NCT06675006,Comparing Bowen Therapy With Ice to Medical Massage for Acute Ankle Sprain,https://clinicaltrials.gov/study/NCT06675006,Ankle Sprains,Rehabilitation Centre Zivot,2024-06-01,2024-07-01,2024-10-01,2024-11-05,,2024-11-05
NCT06674993,Safety and Efficacy Study of OpRegen for Treatment of Advanced Dry-Form Age-Related Macular Degeneration,https://clinicaltrials.gov/study/NCT06674993,Age-Related Macular Degeneration,"Genentech, Inc.",2015-04-01,2021-12-31,2031-01-31,2024-11-05,,2024-11-05
NCT06674980,Randomized Trial Assessing Human Placental Membrane Products and Standard of Care (SOC) vs SOC Alone in Nonhealing Diabetic Foot Ulcers,https://clinicaltrials.gov/study/NCT06674980,"Pathologic Processes|Diabetes Mellitus|Glucose Metabolism Disorders|Metabolic Diseases|Endocrine System Disease|Diabetic Angiopathies|Vascular Diseases|Cardiovascular Diseases|Leg Ulcer|Skin Ulcer|Skin Diseases|Diabetes Complications|Diabetic Neuropathies|Foot Diseases|Diabetic Foot|Foot Ulcer|Diabetes Mellitus, Type 2|Ulcer|Foot Ulcer Unhealed",C5 Biomedical,2024-11-22,2026-11-22,2027-01-22,2024-11-05,,2024-11-05
NCT06674967,Efficacy and Safety of Left Bundle Area Pacing Vs Right Ventricular Apical Pacing in Patients with Atrioventricular Block,https://clinicaltrials.gov/study/NCT06674967,Atrio-Ventricular Block,Assiut University,2024-11-30,2026-08-31,2027-08-01,2024-11-05,,2024-11-05
NCT06674954,Comparison of Perioperative Characteristics of Regional Anasthesia and General Anesthesia,https://clinicaltrials.gov/study/NCT06674954,Shoulder Arthroscopy|Peripheral Nerve Block,Ankara Etlik City Hospital,2024-11-14,2025-07-11,2025-08-25,2024-11-05,,2024-11-05
NCT06674941,A Trial to Investigate Teprotumumab (High-concentration Formulation) Subcutaneous Administration in Healthy Adult Non-Japanese and Japanese Participants,https://clinicaltrials.gov/study/NCT06674941,Healthy Volunteers,Amgen,2023-03-24,2023-11-14,2023-11-14,2024-11-05,,2024-11-05
NCT06674928,Developmental Trajectory of Gene and Life Participation in Children With Developmental Delay,https://clinicaltrials.gov/study/NCT06674928,Genetics|Life Participation,Chang Gung Memorial Hospital,2024-07-01,2024-10-31,2024-10-31,2024-11-05,,2024-11-05
NCT06674915,"Investigation of Pharmacokinetics,Safety,and Pharmacodynamics of HRS-5965 in Subjects With Hepatic Impairment",https://clinicaltrials.gov/study/NCT06674915,Complement Mediated Primary or Secondary Glomerular Diseases,"Chengdu Suncadia Medicine Co., Ltd.",2024-11-05,2025-03-31,2025-03-31,2024-11-05,,2024-11-05
NCT06674902,Electrolysis in Patients With Chronic Plantar Fasciitis,https://clinicaltrials.gov/study/NCT06674902,Plantar Fasciitis,Wroclaw University of Health and Sport Sciences,2024-11-11,2024-11-22,2024-11-30,2024-11-05,,2024-11-05
NCT06674889,Rehabilitation Outcomes Study,https://clinicaltrials.gov/study/NCT06674889,Cancer|Malignant Tumor,UNC Lineberger Comprehensive Cancer Center,2024-12,2026-02,2026-02,2024-11-05,,2024-11-05
NCT06674876,Wellness Intervention for Nurses Post Traumatic Growth and Selfcare,https://clinicaltrials.gov/study/NCT06674876,"Trauma, Psychological|Moral Injury|Compassion Fatigue",Purdue University,2021-11-15,2022-08-20,2022-11-30,2024-11-05,,2024-11-05
NCT06674863,Tailored Survivorship Care Plan to Improve Understanding and Access to Survivorship Care in Black or African American Patients With Localized or Oligometastatic Prostate Cancer,https://clinicaltrials.gov/study/NCT06674863,Localized Prostate Carcinoma|Oligometastatic Prostate Carcinoma|Stage IVB Prostate Cancer AJCC v8,Emory University,2024-11-30,2029-12-31,2030-12-31,2024-11-05,,2024-11-05
NCT06674850,Systemic Inflammation Response Index and C-Reactive Protein to Albumin Ratio in Acute Lymphoblastic Leukemia,https://clinicaltrials.gov/study/NCT06674850,Acute Lymphoblastic Leukemia,Assiut University,2024-11,2025-11,2025-11,2024-11-05,,2024-11-05
NCT06674837,Diagnostics and Surveillance of Acute Meningo-encephalitis Among Children in Cambodia with a Focus on Japanese Encephalitis Virus,https://clinicaltrials.gov/study/NCT06674837,Japanese Encephalitis,"ANRS, Emerging Infectious Diseases",2025-01,2027-01,2028-01,2024-11-05,,2024-11-05
NCT06674824,Role of Spectrophotometer in Early Prediction of Weaning Induced Cardiac Dysfunction,https://clinicaltrials.gov/study/NCT06674824,Weaning Failure,Ain Shams University,2024-10-25,2025-03-01,2025-03-01,2024-11-05,,2024-11-05
NCT06674811,Biomarkers of Resiliency In Childhood Cancer Surgery,https://clinicaltrials.gov/study/NCT06674811,Pediatric Cancer|Neuroblastoma|Sarcoma,Mayo Clinic,2024-11-10,2025-12,2030-01,2024-11-05,,2024-11-05
NCT06674798,School-based e-Health Non-Communicable Disease (NCD) Prevention Program,https://clinicaltrials.gov/study/NCT06674798,"Noncommunicable Diseases|Health Knowledge, Attitudes, Practice|Non-communicable Disease Risk Factors",Aga Khan University,2024-03-01,2024-12,2025-03,2024-11-05,,2024-11-05
NCT06674785,SIRS-ESWT Trial: Shoulder Internal Rotator Spasticity Trial Treated With Extracorporeal Shock Wave Therapy Trial,https://clinicaltrials.gov/study/NCT06674785,Stroke|Muscle Spasticity,National Taiwan University Hospital,2025-01-01,2026-12-31,2027-12-31,2024-11-05,,2024-11-05
NCT06674772,Molecular Phenotyping of Migraine Patients According to Sex and Age Through CGRP Quantification,https://clinicaltrials.gov/study/NCT06674772,"Headache (Migraine)|Migraine|Migraine Headache|Migraine with Aura|Migraine Without Aura|Episodic Migraine|Chronic Migraine Headache|Chronic Migraine, Headache|Episodic Migraine Headache",Hospital Universitari Vall d'Hebron Research Institute,2022-11-29,2025-04-30,2025-05,2024-11-05,,2024-11-05
NCT06674759,Efficacy and Safety of Tongren-Dahuoluo Bolus in Patients with Knee Osteoarthritis,https://clinicaltrials.gov/study/NCT06674759,Knee Osteoarthritis (Knee OA),Guang'anmen Hospital of China Academy of Chinese Medical Sciences,2025-01-10,2025-06-30,2025-12-30,2024-11-05,,2024-11-05
NCT06674746,"Effect of Solution-Focused Approach on the Internet,Social Media Addiction and Self-Efficacy Levels OfNursing Students",https://clinicaltrials.gov/study/NCT06674746,Risk Behavior|Social Media Addiction|Internet Addiction,Cumhuriyet University,2023-05-26,2023-10-24,2023-10-24,2024-11-05,,2024-11-05
NCT06674733,Efficacy of Botulinum Toxin and Marjoram Oil Applications in Bruxism,https://clinicaltrials.gov/study/NCT06674733,"Bruxism, Sleep",Bezmialem Vakif University,2024-10-11,2024-11-30,2025-01-30,2024-11-05,,2024-11-05
NCT06674720,It is Accepted That Adenoid Hypertrophy is Related to Otitis Media With Effusion Incidence. Better Understanding of the Correlation Between the Relative Size of AH and the Incidence of Persistent OME May Provide Evidence to Support a More Standardized Approach to the Diagnosis and Treatment of OME.,https://clinicaltrials.gov/study/NCT06674720,Adenoid Hypertrophy|Middle Ear Effusion,Assiut University,2024-12,2025-12,2025-12,2024-11-05,,2024-11-05
NCT06674707,Effects of Agility Training With and Without Foot Mobilization In Patellofemoral Pain Syndrome.,https://clinicaltrials.gov/study/NCT06674707,Patellofemoral Pain Syndrome,Riphah International University,2024-01-04,2025-01-07,2025-01-07,2024-11-05,,2024-11-05
NCT06674694,"The Purpose of This Study is to Determine the Safety, Tolerability, and Pharmacokinetics of Brepiprazole Long-acting Injection Following a Single Administration in Healthy Subjects/Patients With Schizophrenia.",https://clinicaltrials.gov/study/NCT06674694,Schizophrenia Disorders,"Sichuan Kelun Pharmaceutical Research Institute Co., Ltd.",2024-04-10,2025-06-30,2025-06-30,2024-11-05,,2024-11-05
NCT06674681,HPV Self-Collection Program,https://clinicaltrials.gov/study/NCT06674681,HPV,University of Utah,2024-11-30,2025-10-30,2025-10-30,2024-11-05,,2024-11-05
NCT06674668,Effect of Vibrotactile Stimulation in Lateral Epicondylitis,https://clinicaltrials.gov/study/NCT06674668,Lateral Epicondylitis|Vibration Therapy|Physiotherapy,Medipol University,2023-06-14,2024-11,2024-12,2024-11-05,,2024-11-05
NCT06674655,Motor Imagery Plus Therapeutic Exercise in Women with Menstrual Pain,https://clinicaltrials.gov/study/NCT06674655,Motor Imagery Training,University of Valencia,2025-01-09,2025-07-30,2025-09-01,2024-11-05,,2024-11-05
NCT06674642,Traditional Indigenous Foods Diet and Health Study,https://clinicaltrials.gov/study/NCT06674642,Sedentary Behavior|Physical Activity,USDA Grand Forks Human Nutrition Research Center,2024-09-12,2025-12,2025-12,2024-11-05,,2024-11-05
NCT06674629,Asymmetrical High Flow Nasal Cannula and End-Expiratory Lung Impedance,https://clinicaltrials.gov/study/NCT06674629,End-Expiratory Lung Impedance|Respiratory Rate|Diaphragm Thickness Fraction|Diaphragm Excursion,Argentinian Intensive Care Society,2024-11-05,2024-12-31,2025-01-31,2024-11-05,,2024-11-05
NCT06674616,Achieving Cardiovascular Health Equity in Community Mental Health: Optimizing Implementation Strategies,https://clinicaltrials.gov/study/NCT06674616,Cardiovascular Risk Factors|Serious Mental Illness,Johns Hopkins University,2024-11,2026-12,2027-08,2024-11-05,,2024-11-05
NCT06674603,The Trajectory and Influencing Factors of Cognitive Level in ICU Delirium Patients After Transfer Out of the ICU,https://clinicaltrials.gov/study/NCT06674603,Cognition Disorder|ICU|Delirium,Zunyi Medical College,2024-09-30,2026-03-30,2026-05-30,2024-11-05,,2024-11-05
NCT06674590,Effects of Motor Relearning Program Versus Proprioceptive Neuromuscular Facilitation on Balance and Gait in Stroke,https://clinicaltrials.gov/study/NCT06674590,Chronic Stroke|Proprioceptive Neuromuscular Facilitation|Balance|Gait|Gait Speed,Foundation University Islamabad,2024-06-20,2024-12-20,2025-01-20,2024-11-05,,2024-11-05
NCT06674577,A Rollover Study to Evaluate the Long-Term Safety and Efficacy of Atacicept,https://clinicaltrials.gov/study/NCT06674577,IgA Nephropathy (IgAN)|Renal and Urinary Disorders|Berger Disease,"Vera Therapeutics, Inc.",2024-11-01,2028-05-31,2028-05-31,2024-11-05,,2024-11-05
NCT06674564,Effect of Zinc and Probiotics Supplementation on Laryngeal Cancer Patients Undergoing Laryngectomy Surgery to Improve Prognosis and Better Wound Healing,https://clinicaltrials.gov/study/NCT06674564,Laryngectomy,Ain Shams University,2024-09-09,2026-09,2026-10,2024-11-05,,2024-11-05
NCT06674551,Suprascapular and Axillary Versus Interscalene Blocks Regarding Phrenic Affection in Shoulder Surgeries,https://clinicaltrials.gov/study/NCT06674551,Interscalene Nerve Block|Suprascapular Nerve|Shoulder Surgery,Ain Shams University,2024-11-20,2025-10-01,2025-11-01,2024-11-05,,2024-11-05
NCT06674538,"Phase 1, Open Label Clinical Trial to Treat Stage IV Cancer Patients With Multiple Patient-specific Mutated Cell Surface Proteins With Chimeric Antibodies",https://clinicaltrials.gov/study/NCT06674538,Soft Tissue Cancer,Moonshot Antibodies,2025-01,2027-01,2029-01,2024-11-05,,2024-11-05
NCT06674525,Evaluation of 626 in Healthy Adult Subjects,https://clinicaltrials.gov/study/NCT06674525,Healthy Subjects (HS),"Sunshine Guojian Pharmaceutical (Shanghai) Co., Ltd.",2024-11,2025-06,2025-10,2024-11-05,,2024-11-05
NCT06674512,The Effectiveness of Pharmaceutical Service for INPATDRP,https://clinicaltrials.gov/study/NCT06674512,Drug Related Problem,Zhejiang Provincial People's Hospital,2024-12,2025-12,2026-06,2024-11-05,,2024-11-05
NCT06674499,Development and Evaluation of a Self-Management Model for Cancer Rehabilitation,https://clinicaltrials.gov/study/NCT06674499,Head and Neck Cancer|Rehabilitation|Psychotherapy,Xingchen Peng,2024-12,2026-12,2027-06,2024-11-05,,2024-11-05
NCT06674486,Bioequivalence Study of Iron Sucrose Injection in Healthy Participants,https://clinicaltrials.gov/study/NCT06674486,Bioequivalency|Safety Issues,"Sichuan Huiyu Pharmaceutical Co., Ltd",2024-11-20,2024-12-25,2024-12-25,2024-11-05,,2024-11-05
NCT06674473,Evaluation of Long-term Isokinetic Training of Knee Joint,https://clinicaltrials.gov/study/NCT06674473,Knee Injuries and Disorders,Peking University Third Hospital,2024-11-01,2024-12-30,2024-12-30,2024-11-05,,2024-11-05
NCT06674460,Treatment of Acute Ischemic Stroke With Sublingual Edaravone Dexborneol in Small Vessel Disease,https://clinicaltrials.gov/study/NCT06674460,Cerebral Small Vessel Disease|Ischemic Stroke,Peking Union Medical College Hospital,2025-03-01,2027-10-01,2028-10-01,2024-11-05,,2024-11-05
NCT06674447,Awareness Among PT Regarding Sensory Integration Therapy on CP Population,https://clinicaltrials.gov/study/NCT06674447,Sensory Integration Disorder (Disorder),Riphah International University,2024-10-28,2024-12-30,2024-12-30,2024-11-05,,2024-11-05
NCT06674434,Comparative Effects of Sustained Stretch and Mobilization With Movement in Patient With Tennis Elbow,https://clinicaltrials.gov/study/NCT06674434,Tennis Elbow|Lateral Epicondylitis,Riphah International University,2024-11,2025-02,2025-03,2024-11-05,,2024-11-05
NCT06674421,Reliability of GYCO in Basketball Players,https://clinicaltrials.gov/study/NCT06674421,Healthy,Sakarya University,2024-12-02,2025-03-03,2025-06-02,2024-11-05,,2024-11-05
NCT06674408,Proprioceptive Exercises in Acute Adhesive Capsulitis,https://clinicaltrials.gov/study/NCT06674408,Adhesive Capsulitis,Riphah International University,2024-05-03,2024-12-03,2024-12-13,2024-11-05,,2024-11-05
NCT06674395,Validation of Urdu Version of Leicester Cough Questionnaire (LCQ),https://clinicaltrials.gov/study/NCT06674395,COPD,Riphah International University,2024-02-01,2024-11-30,2024-12-30,2024-11-05,,2024-11-05
NCT06674382,Haplo-HSCT for Myelofibrosis,https://clinicaltrials.gov/study/NCT06674382,Myelofibrosis,Peking University People's Hospital,2025-01-01,2027-12-31,2027-12-31,2024-11-05,,2024-11-05
NCT06674369,Ongoing Effect of Expansion Prisms Following the Discontinuation of Use on Visual Field Enlargement and Retrograde Ganglion Cell Degeneration in Homonymous Hemianopia Patients,https://clinicaltrials.gov/study/NCT06674369,Homonymous Hemianopsia,Okan University,2022-08-28,2022-10-18,2024-10-30,2024-11-05,,2024-11-05
NCT06674356,The Effects of Chin Tuck Against Resistance Exercise on Acute Stroke Patients With Dysphagia,https://clinicaltrials.gov/study/NCT06674356,Chin Tuck Against Resistance Exercise in Acute Stroke Patients With Dysphagia,National Taiwan University Hospital,2024-11,2025-10,2025-10,2024-11-05,,2024-11-05
NCT06674343,Furmonertinib 160mg as First-line Treatment in Locally Advanced or Metastatic NSCLC With EGFR Classical Mutations,https://clinicaltrials.gov/study/NCT06674343,Advanced or Metastatic Non-small Cell Lung Cancer,Peking Union Medical College Hospital,2024-07-15,2026-12-31,2028-12-31,2024-11-05,,2024-11-05
NCT06674330,Using a Population Pharmacokinetic Model to Estimate the Dosage of Teicoplanin in Patients With Hematologic Malignancy or Critical Illness,https://clinicaltrials.gov/study/NCT06674330,Hematological Malignancies|Critical Illness,National Taiwan University Hospital,2025-01-01,2025-09-30,2025-12-31,2024-11-05,,2024-11-05
NCT06674317,Tailoring an Internet Delivered Cognitive Behavioral Therapy for Insomnia in Persons with Inflammatory Rheumatic Diseases,https://clinicaltrials.gov/study/NCT06674317,Insomnia,McGill University,2024-11-01,2026-10-31,2026-10-31,2024-11-05,,2024-11-05
NCT06674304,Registry Initiative Across Borders for Atrial Fibrillation in Africa,https://clinicaltrials.gov/study/NCT06674304,"Atrial Fibrillation|Atrial Fibrillation (Prevention of Stroke)|ATRIAL FIBRILLATION, Syncope",Mohammed VI University Hospital,2024-10-22,2025-05,2025-10,2024-11-05,,2024-11-05
NCT06674291,Registry on the Effectiveness and Safety of the 9-month MDR-END Treatment Regimen in Korean Patients with FQ-sensitive MDR-TB (MDR-END Registry),https://clinicaltrials.gov/study/NCT06674291,"Tuberculosis, Multidrug-Resistant","Korea Otsuka Pharmaceutical Co., Ltd.",2024-11-30,2027-12-31,2028-12-31,2024-11-05,,2024-11-05
NCT06674278,Changes in Electrocardiographic (ECG) Ventricular Repolarization and Transthoracic Impedance Cardiography (ICG) Parameters in Patients with COVID-19 and After the Disease: Persistence and Prognostic Significance of These Changes,https://clinicaltrials.gov/study/NCT06674278,Post COVID-19|Ventricular Repolarization|Arrhythmias|Impedance Cradiography,Lithuanian University of Health Sciences,2024-11,2026-03,2027-01,2024-11-05,,2024-11-05
NCT06674265,Safety and Efficacy of Intravenous Infusion of Activated NK Cells in Recurrent and Refractory High-risk Neuroblastoma Patients,https://clinicaltrials.gov/study/NCT06674265,"Neuroblastoma, Recurrent, Refractory|Neuroblastoma (NB)|Neuroblastoma in Children",Marzieh Ebrahimi,2024-11-05,2026-11,2026-11,2024-11-05,,2024-11-05
NCT06674252,A Study on the Improvement of Postoperative Symptoms and Survival Benefits of Modified Bufei Decoction in Elderly Patients With Lung Cancer Undergoing Radical Surgery,https://clinicaltrials.gov/study/NCT06674252,Lung Cancers,Peking University Cancer Hospital & Institute,2024-11,2026-09,2026-12,2024-11-05,,2024-11-05
NCT06674239,Determining the Effect of Individualized Education Program in Kidney Transplant Patients,https://clinicaltrials.gov/study/NCT06674239,Kidney Transplantation|Healthy Lifestyle Behaviors|Metabolic Problems,Fenerbahce University,2021-07-15,2021-10-15,2022-07-15,2024-11-05,,2024-11-05
NCT06674226,Effects of Ciprofol on Postoperative Delirium and Outcomes in Elderly Patients Undergoing Major Thoracic Surgery,https://clinicaltrials.gov/study/NCT06674226,Postoperative Delirium (POD),Wang Tianlong,2024-12-15,2026-06-30,2026-06-30,2024-11-05,,2024-11-05
NCT06674213,Comparison of Three Nerve Blocks in Terms of Post-operative Pain in Inguinal Hernia Operations,https://clinicaltrials.gov/study/NCT06674213,Postoperative Pain,Erzincan University,2023-04-03,2023-10-03,2023-10-03,2024-11-05,,2024-11-05
NCT06674200,A Retrospective Study Comparing the Incidence of Parastomal Hernia After Mesenteric Molding Suturing and Non-molding Suturing in Colostomy Surgery,https://clinicaltrials.gov/study/NCT06674200,Colorectal Cancer (CRC),The First Affiliated Hospital with Nanjing Medical University,2002-01-01,2024-10-01,2024-10-01,2024-11-05,,2024-11-05
NCT06674187,Comparing the Incidence of Parastomal Hernia After Mesenteric Molding Suturing and Non-molding Suturing in Colostomy Surgery,https://clinicaltrials.gov/study/NCT06674187,Parastomal Hernia,The First Affiliated Hospital with Nanjing Medical University,2024-11-01,2025-10-01,2026-01-01,2024-11-05,,2024-11-05
NCT06674174,Effect of Lower Limb Resistance Versus Endurance Training in Smokers,https://clinicaltrials.gov/study/NCT06674174,Smoking,Riphah International University,2023-07-01,2024-07-15,2024-07-18,2024-11-05,,2024-11-05
NCT06674161,The Impact of Type 2 Diabetes Mellitus on Cardiovascular Events in Saudi Arabia Now and Future,https://clinicaltrials.gov/study/NCT06674161,Mortality of Patients with CVD|Mortality of Patients with CVD and T2DM|Mortality of Patients with T2DM|Mortality of Patients with Neither|Morbidity of CVD|Cardiovascular Diseases|Cardiovascular Diseases Risk,King Faisal Specialist Hospital and Research Centre Madinah,2024-11-30,2030-12-31,2030-12-31,2024-11-05,,2024-11-05
NCT06674148,"A Randomized, Double-Blind, Placebo-Controlled, Multicenter Study of the Efficacy and Safety of Qifangfeixian Granules in the Treatment of Connective Tissue Disease-Associated Interstitial Lung Disease (CTD-ILD)",https://clinicaltrials.gov/study/NCT06674148,Interstitial Lung Disease|Qifangfeixian Granules,Huilan Zhang,2024-10-25,2027-05-20,2027-06-01,2024-11-05,,2024-11-05
NCT06674135,"Evaluating the Impact of Introducing Basaglar, a Long-acting Analog Insulin, on Clinical and Quality of Life Outcomes in Youth With Diabetes in Bangladesh",https://clinicaltrials.gov/study/NCT06674135,Type I Diabetes,"Life for a Child Program, Diabetes Australia",2022-06-01,2023-08-31,2023-08-31,2024-11-05,,2024-11-05
NCT06674122,RCT of 800 IU vs 400 IU Enteral Vitamin D in Preterm 28 - 34 Weeks GA,https://clinicaltrials.gov/study/NCT06674122,Vitamin D Supplementation,Indonesia University,2024-07-17,2024-11-29,2024-12-10,2024-11-05,,2024-11-05
NCT06674109,SAVE-Care (Sodium Glucose Cotransporter-2 Inhibitors [SGLT2i] As Novel Gout Care) Consortium,https://clinicaltrials.gov/study/NCT06674109,Gout and Hyperuricemia,Massachusetts General Hospital,2024-12-02,2026-03-02,2026-03-02,2024-11-05,,2024-11-05
NCT06674096,RLC Followed by CR-CHOP in Elderly Patients With Newly-diagnosed DEL,https://clinicaltrials.gov/study/NCT06674096,Double-expressor Lymphoma,Zhejiang Cancer Hospital,2024-11-06,2029-12-30,2030-06-30,2024-11-05,,2024-11-05
NCT06674083,Reliability of the Gyko Inertial Sensor System in Evaluating Jumping and Postural Stability Parameters in Healthy Adults,https://clinicaltrials.gov/study/NCT06674083,"Assessment, Self|Sports Physical Therapy",Hacettepe University,2025-02,2025-04,2025-05,2024-11-05,,2024-11-05
NCT06674070,SCN2A Polymorphisms Are Associated With Response to Valproic Acid in Paediatric Population(Pakistan),https://clinicaltrials.gov/study/NCT06674070,Epilepsy,Riphah International University,2023-12-01,2024-07-31,2024-08-31,2024-11-05,,2024-11-05
NCT06674057,"Additional Effects of Kinesio-Taping Along with Conservative Physical Therapy on Upper Limb Function, Range of Motion and Spasticity in the Patients with Subacute Stroke",https://clinicaltrials.gov/study/NCT06674057,Subacute Stroke|Upper Limb|Range of Motion|Spasticity|CVA (Cerebrovascular Accident)|KINESIOTAPING|Stroke|Function,Foundation University Islamabad,2024-06-20,2024-12-20,2025-01-20,2024-11-05,,2024-11-05
NCT06674044,Effect of SLC01B1 (rs2306283) Polymorphism on the Efficacy and Safety Profile of Atorvastatin in Pakistani Population,https://clinicaltrials.gov/study/NCT06674044,Hyperlipidemias,Riphah International University,2023-12-01,2024-07-31,2024-08-31,2024-11-05,,2024-11-05
NCT06674031,Knowledge of Cardiovascular Risk Factors in Chronic Kidney Disease Patients,https://clinicaltrials.gov/study/NCT06674031,Chronic Kidney Disease(CKD)|Renal Transplantation,Hacettepe University,2024-11,2025-02,2025-05,2024-11-05,,2024-11-05
NCT06674018,Indole-3-PROpionic Acid Clinical Trials - a Pilot Study,https://clinicaltrials.gov/study/NCT06674018,Healthy,"Glostrup University Hospital, Copenhagen",2024-11-15,2025-04-01,2025-04-01,2024-11-05,,2024-11-05
NCT06674005,Cucurbita Pepo Flowers Extract to Promote Skin Health,https://clinicaltrials.gov/study/NCT06674005,Skin Laxity|Skin Aging|Skin Wrinkling,Ritamaria Di Lorenzo,2022-10-01,2022-12-20,2023-01-31,2024-11-05,,2024-11-05
NCT06673992,Evaluation of Corneal Irregular Astigmatism and Visual Quality Following Bilateral Sequential Small Incision Lenticule Extraction (SMILE) and Laser Subepithelial Keratomileusis (LASEK): A Six-Year Comparative Study,https://clinicaltrials.gov/study/NCT06673992,Myopia,Shanghai 10th People's Hospital,2017-10-01,2024-05-30,2024-10-01,2024-11-05,,2024-11-05
NCT06673979,Risk Factors for Chronic Postoperative Pain After Elective Nephrectomy,https://clinicaltrials.gov/study/NCT06673979,"General Anesthesia|Chronic Pain, Postoperative|Acute Pain, Postoperative|Surgery|Anesthesia|Chronic Pain|Analgesic Drugs|Epidural Analgesia|Nephrectomy",Istanbul University - Cerrahpasa (IUC),2024-10-31,2024-11-30,2024-11-30,2024-11-05,,2024-11-05
NCT06673966,Immunoinflammatory State Detection and Multimodal Brain Imaging and Electrophysiologic Changes in Schizophrenia,https://clinicaltrials.gov/study/NCT06673966,Schizophrenia|Schizophrenia Spectrum and Other Psychotic Disorders|Mental Disorders,Central South University,2024-12-01,2026-06-01,2028-12-31,2024-11-05,,2024-11-05
NCT06673953,Effect of Respiratory Trainer on Cardiopulmonary Functions in Patients with Upper Cross Syndrome Post-Cardiac Surgery,https://clinicaltrials.gov/study/NCT06673953,Post Coronary Artery Bypass Grafting|Post-Cardiac Surgery Patients|Upper Cross Syndrome|Respiratory Muscle Weakness|Respiratory Muscle Training,Cairo University,2024-08-28,2025-01-20,2025-02-25,2024-11-05,,2024-11-05
NCT06673940,TENS Effect on Gait and QoL in Stroke.,https://clinicaltrials.gov/study/NCT06673940,Stroke,Cairo University,2024-02-10,2024-08-30,2024-10-28,2024-11-05,,2024-11-05
NCT06673927,"A Study to Evaluate the Safety, Tolerability, and Pharmacokinetics of Single and Multiple Doses of YZJ-1139 in Healthy Participants",https://clinicaltrials.gov/study/NCT06673927,Insomnia,"Shanghai Haiyan Pharmaceutical Technology Co., Ltd.",2017-12-01,2018-11-21,2019-03-08,2024-11-05,,2024-11-05
NCT06673914,EFFECTS OF OLEUROPEIN ON BLOOD PARAMETERS AND INFLAMMATORY MARKERS IN ADULTS WITH METABOLIC SYNDROME,https://clinicaltrials.gov/study/NCT06673914,"Metabolic Syndrome|Insulin Resistance|Obesity, Abdominal|Obesity",Atlas University,2024-11-01,2024-12-30,2025-01-15,2024-11-05,,2024-11-05
NCT06673901,Biomechanical Changes in Females with Poly Cystic Ovarian Syndrome,https://clinicaltrials.gov/study/NCT06673901,Poly Cystic Ovarian Syndrome|Polycystic Ovary Syndrome (PCOS),Cairo University,2023-04-03,2024-08-03,2024-09-03,2024-11-05,,2024-11-05
NCT06673888,Assessment of Alkasite Restorative Material Versus Resin Modified Glass Ionomer in Class V Cavities: a Clinical Trial,https://clinicaltrials.gov/study/NCT06673888,Class V Dental Caries,Cairo University,2024-12-01,2025-06-01,2025-12-01,2024-11-05,,2024-11-05
NCT06673875,Assessment of Pelvic Floor Muscle Training Using Modern Conservative Methods in the Therapy of Stress Urinary Incontinence,https://clinicaltrials.gov/study/NCT06673875,Stress Urinary Incontinence,Brno University Hospital,2023-03-23,2025-12,2026-05,2024-11-05,,2024-11-05
NCT06673862,Changes in Pulse-Oximetry Perfusion Index Induced by Tidal Volume Challenge Versus Fluid Volume Challenge to Detect Preload Responsiveness in Mechanically Ventilated Patients With Low Tidal Volume,https://clinicaltrials.gov/study/NCT06673862,To Assess the Ability of PI to Detect Preload Responsiveness,Benha University,2024-09-01,2025-02-28,2025-02-28,2024-11-05,,2024-11-05
NCT06673849,Rhythmic Stabilization Versus Ball Balancing,https://clinicaltrials.gov/study/NCT06673849,Spastic Cerebral Palsy (sCP),Riphah International University,2024-09-25,2024-12-02,2025-01-02,2024-11-05,,2024-11-05
NCT06673836,Comparative Study of Inclined Treadmill and Dynamic Cycling on Balace in Hearing Impaired Children.,https://clinicaltrials.gov/study/NCT06673836,Balance Assessment,Riphah International University,2024-09-27,2024-11-28,2024-12-30,2024-11-05,,2024-11-05
NCT06673823,Effects of Mirror Therapy on Lower Extremity in CP Children,https://clinicaltrials.gov/study/NCT06673823,Cerebral Palsy,Riphah International University,2024-10-29,2025-01-30,2025-02-15,2024-11-05,,2024-11-05
NCT06673810,Effects of Ankle Weighted Cuffs Training in Autism Children,https://clinicaltrials.gov/study/NCT06673810,Autism Spectrum Disorder,Riphah International University,2024-10-28,2024-12-25,2025-03-03,2024-11-05,,2024-11-05
NCT06673797,Effects of Swiss Ball vs Frenkle Exercises on Static and Dynamic Balance in Ataxic CP,https://clinicaltrials.gov/study/NCT06673797,Cerebral Palsy,Riphah International University,2024-09-24,2024-11-24,2024-12-10,2024-11-05,,2024-11-05
NCT06673784,Evaluation and Risk Factors of Post-traumatic Endophthalmitis,https://clinicaltrials.gov/study/NCT06673784,Endophthalmitis,Assiut University,2024-11-10,2026-02-28,2026-03,2024-11-05,,2024-11-05
NCT06673771,Effects of Vestibular Rehabilitation on Balance and Post Stroke Fatigue :,https://clinicaltrials.gov/study/NCT06673771,Stroke Patients,Riphah International University,2024-11-01,2025-03-21,2025-03-21,2024-11-05,,2024-11-05
NCT06673758,Effects of Taichi Exercises on Cardiorespiratory Fittness,https://clinicaltrials.gov/study/NCT06673758,"Child, Only",Riphah International University,2024-10-29,2024-12-29,2025-01-30,2024-11-05,,2024-11-05
NCT06673745,Effect of Instrument Assisted Soft Tissue Mobilization and Dynamic Cupping,https://clinicaltrials.gov/study/NCT06673745,"Fractures, Bone",Riphah International University,2024-09-24,2024-11-15,2025-01-02,2024-11-05,,2024-11-05
NCT06673732,Effects of Muscle Energy Technique With and Without Stationary Cycling on Toe Walking With ASD,https://clinicaltrials.gov/study/NCT06673732,Autism Spectrum Disorder,Riphah International University,2024-09-26,2025-01-07,2025-01-07,2024-11-05,,2024-11-05
NCT06673719,Comparing Pertechnetate SPECT/CT and Intragastric Pressure During Nutrient Drink for Gastric Accommodation,https://clinicaltrials.gov/study/NCT06673719,Healthy Volunteers|Functional Dyspepsia,Universiti Sains Malaysia,2019-10-01,2020-02-27,2020-03-15,2024-11-05,,2024-11-05
NCT06673706,Assessing the Impact of Front-of-package Nutrient Labels,https://clinicaltrials.gov/study/NCT06673706,Nutrition Knowledge|Attitudes|Dietary Habits|Dietary Behavior,"University of California, Davis",2024-11,2025-01,2025-01,2024-11-05,,2024-11-05
NCT06673693,Tislelizumab Combined with SBRT for the Treatment of Head and Neck Squamous Cell Carcinoma,https://clinicaltrials.gov/study/NCT06673693,Head and Neck Squamous Cell Carcinoma (HNSCC)|HNSCC,Sun Yat-sen University,2024-11-01,2027-12-31,2028-12-31,2024-11-05,,2024-11-05
NCT06673680,Role Of Colposcopy In Evaluation Of Suspicious Cervix,https://clinicaltrials.gov/study/NCT06673680,Cancer Cervix,Sohag University,2024-10-01,2025-02-28,2025-05-30,2024-11-05,,2024-11-05
NCT06673667,First-in-human Study of Orally Administered KT-621 in Healthy Adult Participants,https://clinicaltrials.gov/study/NCT06673667,Healthy Participants Study,"Kymera Therapeutics, Inc.",2024-10-22,2025-06,2025-06,2024-11-05,,2024-11-05
NCT06673654,"A Study, Comparing Ruxolitinib Topical Cream 1.5% (Taro Pharmaceuticals U.S.A, Inc.) to OPZELURA (Ruxolitinib) Cream for the Treatment of Mild-to-Moderate Atopic Dermatitis.",https://clinicaltrials.gov/study/NCT06673654,Atopic Dermatitis,Taro Pharmaceuticals USA,2023-08-11,2024-09-23,2024-09-23,2024-11-05,,2024-11-05
NCT06673641,"A Study Comparing Clindamycin Phosphate, Adapalene, and Benzoyl Peroxide Topical Gel 0.15%;3.1%;1.2% (Taro Pharmaceuticals U.S.A., Inc.) and CABTREO Topical Gel for the Treatment of Acne Vulgaris.",https://clinicaltrials.gov/study/NCT06673641,Acne Vulgaris,Taro Pharmaceuticals USA,2024-05-13,2024-09-03,2024-09-03,2024-11-05,,2024-11-05
NCT06673628,Pembrolizumab Plus Lenvatinib in Unresectable Cutaneous Angiosarcoma Patients,https://clinicaltrials.gov/study/NCT06673628,Angiosarcoma of Skin|Angiosarcoma Metastatic,"National Cancer Center, Japan",2024-12-01,2028-11-30,2029-11-30,2024-11-05,,2024-11-05
NCT06673615,A Cohort Study on Early Stages of Heart Failure,https://clinicaltrials.gov/study/NCT06673615,Stages of Heart Failure,Shanghai East Hospital,2024-04-15,2034-08-30,2044-08-30,2024-11-05,,2024-11-05
NCT06673602,Fufang Congrong Yizhi Capsules (FCYC) of Cognitive Impairment After Intracerebral Hemorrhage,https://clinicaltrials.gov/study/NCT06673602,Cognitive Impairment|Intracerebral Hemorrhage,Qinhuangdao Hospital of Traditional Chinese Medicine,2024-11-01,2026-06-30,2026-06-30,2024-11-05,,2024-11-05
NCT06673589,Brain-to-brain Synchrony in Ss with Different Levels of Social Interaction,https://clinicaltrials.gov/study/NCT06673589,Social Dynamics,Maharishi International University,2024-11,2025-07-01,2025-10-10,2024-11-05,,2024-11-05
NCT06673576,Assessment of The Accuracy of Complete Crown 3D Superimposition Technique Relative to The Gold Standard Technique for Digital Quantification of Volumetric Soft Tissue Changes in The Esthetic Zone,https://clinicaltrials.gov/study/NCT06673576,Volume Assessment|Gummy Smile,British University In Egypt,2024-03-15,2025-02-15,2025-05-15,2024-11-05,,2024-11-05
NCT06673563,A Clinical Study Collecting Patients' Experience During Dental Implant Treatment,https://clinicaltrials.gov/study/NCT06673563,Dental Implant|Dental Restorations|Patient Reported Outcome|Patient Experience,Dr Robert Bowe,2025-01,2025-10,2026-10,2024-11-05,,2024-11-05
NCT06673550,Intragastric Balloon for Treatment of Overweight and Obesity: Which is the Best Filling Volume?,https://clinicaltrials.gov/study/NCT06673550,Obese Patients,Mater Olbia Hospital,2023-08-20,2024-12,2025-06,2024-11-05,,2024-11-05
NCT06673537,Spinal Manipulation for Menstrual Symptoms and Sleep in Individuals with Primary Dysmenorrhea,https://clinicaltrials.gov/study/NCT06673537,Primary Dysmenorrhea|Dysmenorrhea,Narges Piri,2024-09-16,2025-05-16,2025-09-16,2024-11-05,,2024-11-05
NCT06673524,Effect of Transversus Abdominis Plan Block and Recto-Intercostal Fascial Plan Block in Laparoscopic Cholecystectomy,https://clinicaltrials.gov/study/NCT06673524,Postoperative Pain,Hitit University,2024-11-10,2025-01-20,2025-03-15,2024-11-05,,2024-11-05
NCT06673511,Clinical Study on the Application of Sentinel Lymph Node Mapping Technique in the Surgery of Early Epithelial Ovarian Cancer,https://clinicaltrials.gov/study/NCT06673511,Epithelial Ovarian Cancer|Sentinel Lymph Node Detection,Anhui Provincial Hospital,2025-01-01,2026-12-30,2027-06-30,2024-11-05,,2024-11-05
NCT06673498,Lusutrombopag Combined With Recombinant Human Thrombopoietin for the Treatment of Thrombocytopenia in Patients With Chronic Liver Disease Destined to Undergo Elective Invasive Surgery,https://clinicaltrials.gov/study/NCT06673498,Thrombocytopenia,Anhui Provincial Hospital,2024-11-10,2025-11-30,2025-11-30,2024-11-05,,2024-11-05
NCT06673485,The Effect of Vitamin D and Calcium Supplement on Overall Body Bone Density and Implant Stability in Posterior Maxilla,https://clinicaltrials.gov/study/NCT06673485,Dental Implant,Al-Azhar University,2021-10-02,2023-03-01,2023-03-01,2024-11-05,,2024-11-05
NCT06673472,Comparison of Long-term Outcomes Between Upfront Surgery and Neoadjuvant Therapy Followed by Surgery in Patients with Node-Negative Gastric Cancer,https://clinicaltrials.gov/study/NCT06673472,Lymph Node-negative|Gastric Cancer,"Chang-Ming Huang, Prof.",2024-05-01,2024-09-04,2024-09-15,2024-11-05,,2024-11-05
NCT06673459,BuCy Vs. TBICy for Allo-HSCT in T-ALL Patients,https://clinicaltrials.gov/study/NCT06673459,T-Cell Lymphocytic Leukemia|ALLOGENEIC HEMATOPOIETIC STEM CELL TRANSPLANTATION|Total Body Irradiation|Chemotherapy,The First Affiliated Hospital of Soochow University,2024-12-01,2029-11-30,2029-11-30,2024-11-05,,2024-11-05
NCT06673446,Soft Tissue Stability in the Esthetic Zone: A Randomized Clinical Trial Comparing Vestibular Socket Therapy With Contour Augmentation for Compromised Adjacent Sockets,https://clinicaltrials.gov/study/NCT06673446,Dental Implant in Compromised Adjacent Sockets,British University In Egypt,2024-08-20,2025-06-01,2025-06-01,2024-11-05,,2024-11-05
NCT06673433,The Effects of Environmental Factors on the Macro-genome and Metabolism of Obese Patients.,https://clinicaltrials.gov/study/NCT06673433,Obesity and Overweight,Dong Peng,2022-10-01,2024-12-01,2024-12-01,2024-11-04,,2024-11-04
NCT06673420,Enhancing Anatomy Education for First-Year Medical Students Through a Telegram® Channel,https://clinicaltrials.gov/study/NCT06673420,Anatomy Education,Mosab Adam,2020-10-16,2020-12-01,2020-12-01,2024-11-04,,2024-11-04
NCT06673407,Pilot Trial of Group Exposure Workshops for Socially Anxious Undergraduates,https://clinicaltrials.gov/study/NCT06673407,Social Anxiety Disorder|Public Speaking Fear|Public Speaking Anxiety|Social Fear,"University of Colorado, Boulder",2024-06-12,2025-10-01,2025-10-01,2024-11-04,,2024-11-04
NCT06673394,Eculizumab for Acute Attack of Neuromyelitis Optica Spectrum Disorder,https://clinicaltrials.gov/study/NCT06673394,Neuromyelitis Optica Spectrum Disorder Attack,Tianjin Medical University General Hospital,2024-12-01,2025-12-01,2025-12-01,2024-11-04,,2024-11-04
NCT06673381,High Sensitive C-reactive Protein to Albumin Ratio in Acute Coronary Syndrome,https://clinicaltrials.gov/study/NCT06673381,Acute Coronary Syndrome,Sohag University,2024-11-01,2024-11-01,2025-10-01,2024-11-04,,2024-11-04
NCT06673368,"A Phase 2 Randomized Double-Blind, Parallel, Adaptive-Design, Clinical Trial to Evaluate the Safety and Efficacy of NRCT-101SR with NRCT-202XR Compared to NRCT-202XR Alone in Subjects with Attention-Deficit/Hyperactivity Disorder",https://clinicaltrials.gov/study/NCT06673368,ADHD,"Neurocentria, Inc.",2024-11,2025-11,2025-11,2024-11-04,,2024-11-04
NCT06673355,"""Comparative Study of Supra-Structure Materials in Full-Arch Implant Prosthetics: a Randomized Clinical Trial""",https://clinicaltrials.gov/study/NCT06673355,Edentulous Mandible,Misr University for Science and Technology,2024-07-08,2025-08-08,2025-08-08,2024-11-04,,2024-11-04
NCT06673342,Effectiveness of a Nutritional Counseling Tool in Reducing the Amount and Frequency of Sugar Intake,https://clinicaltrials.gov/study/NCT06673342,"Dental Cavity|Caries,Dental",Loma Linda University,2025-01,2026-01,2027-01,2024-11-04,,2024-11-04
NCT06673329,Brodalumab in the Treatment of Immune-Related Adverse Events,https://clinicaltrials.gov/study/NCT06673329,Breast Cancer|Esophageal Cancer|Kidney Cancer|Lung Cancer|Thyroid Cancer|Gynecologic Cancer|Pancreatic Cancer|Stomach Cancer|Brain Tumor|Colon Cancer|Rectal Cancer|Head and Neck Cancer|Oral Cancer|Liver Cancer|Skin Cancer|Prostate Cancer|Testicular Cancer|Solid Tumor,"Brian Henick, MD",2024-11,2026-05,2026-11,2024-11-04,,2024-11-04
NCT06673316,Integrating Design Thinking Into Undergraduate Nursing Education,https://clinicaltrials.gov/study/NCT06673316,Nurse Training,Chinese University of Hong Kong,2024-09-01,2025-05-31,2025-05-31,2024-11-04,,2024-11-04
NCT06673303,Investigating The Role of Noise Correlations in Learning,https://clinicaltrials.gov/study/NCT06673303,Noise Correlations|Learning Quality,Brown University,2024-11-10,2025-05,2025-05,2024-11-04,,2024-11-04
NCT06673290,Different Doses of Sirolimus for the Treatment of Cystic Lymphatic Malformations,https://clinicaltrials.gov/study/NCT06673290,Lymphatic Malformation,West China Hospital,2024-11-30,2026-12-30,2026-12-30,2024-11-04,,2024-11-04
NCT06673277,Prolonged Cryocompression and Skin Temperature: a Safety and Feasibility Pilot,https://clinicaltrials.gov/study/NCT06673277,Skin Temperature Change|Adverse Effects|Safety of Intervention|Cryotherapy|Feasibility Pilot Study,University of Winchester,2024-12-01,2025-04-15,2025-04-15,2024-11-04,,2024-11-04
NCT06673264,First-In-human Trial of a NovEl Soft and Stretchable Neural ProbE,https://clinicaltrials.gov/study/NCT06673264,Feasibility of Safe Insertion and Neural Recording with a Soft Neural Probe|Brain Surgery,"Axoft, Inc.",2025-01,2025-03,2025-04,2024-11-04,,2024-11-05
NCT06673251,School Readiness in Children with Type 1 Diabetes,https://clinicaltrials.gov/study/NCT06673251,Type1diabetes,arife akbulut,2024-11-15,2025-11-30,2025-12-30,2024-11-04,,2024-11-04
NCT06673238,"A Study to Assess How the Drug Moves Through the Body, Adverse Events, and Tolerability of Oral ABBV-722 Capsules of Single and Multiple Ascending Doses in Adult Participants and Single Doses in Adult Asian Participants",https://clinicaltrials.gov/study/NCT06673238,Healthy Volunteer,AbbVie,2024-10-29,2025-07-04,2025-07-04,2024-11-04,,2024-11-04
NCT06673225,"INSPIRE Respiratory Health Program in Botucatu, São Paulo, Brazil",https://clinicaltrials.gov/study/NCT06673225,Community Health Services|Respiratory Disease|Tobacco Smoking,UPECLIN HC FM Botucatu Unesp,2024-04-16,2029-04-15,2029-12-01,2024-11-04,,2024-11-04
NCT06673212,Barley to Support Food and Drink Innovation,https://clinicaltrials.gov/study/NCT06673212,Type 2 Diabetes,University of Aberdeen,2022-07-27,2023-05-15,2024-06-28,2024-11-04,,2024-11-04
NCT06673199,"The Influence of the ""washoku"" Diet on the Gut Microbiota in Postmenopausal Women",https://clinicaltrials.gov/study/NCT06673199,Menopause,Joanna Bajerska,2024-11-16,2025-12-31,2027-11-12,2024-11-04,,2024-11-04
NCT06673186,Patient Satisfaction and Prosthetic Complications of Bar Locator Versus Bar Clip Attachments for Mandibular Two-Implant Overdentures,https://clinicaltrials.gov/study/NCT06673186,Edentulism,Mansoura University,2022-11-12,2024-01-01,2024-01-01,2024-11-04,,2024-11-04
NCT06673173,Patient Satisfaction and Oral Health-Related Quality of Life of Quadrilateral Versus Bilateral Linear Bar Designs for Four Implant Implant-Assisted Complete Mandibular Overdenture Regarding Peri-Implant Crestal Bone Loss,https://clinicaltrials.gov/study/NCT06673173,Edentulism,Mansoura University,2022-01-01,2024-02-01,2024-10-01,2024-11-04,,2024-11-04
NCT06673160,Pumping to Up Maternal Milk Production for Preterms,https://clinicaltrials.gov/study/NCT06673160,Breastfeeding|Breastmilk Expression,University of Alabama at Birmingham,2025-12,2025-12,2025-12,2024-11-04,,2024-11-04
NCT06673147,Effects of Nordic Walking on Prenatal Health,https://clinicaltrials.gov/study/NCT06673147,Prenatal Care|Walking,University of Jazan,2024-11-05,2025-02-06,2025-02-20,2024-11-04,,2024-11-04
NCT06673134,Prospective Cohort Establishment and Clinical Observation of Children With Crohn's Disease,https://clinicaltrials.gov/study/NCT06673134,Crohn Disease,Tongji Hospital,2023-12-01,2025-07-24,2028-07-24,2024-11-04,,2024-11-04
NCT06673121,Respiratory Disease Cohort Studies of Chinese Medicine for Pulmonary Nodule,https://clinicaltrials.gov/study/NCT06673121,Pulmonary Nodule|Cohort Study|Traditional Chinese Medicine,Third Affiliated Hospital of Henan University of Traditional Chinese Medicine,2024-01-03,2028-12-30,2029-12-30,2024-11-04,,2024-11-04
NCT06673108,Vaginal Photobiomodulation for Chronic Pelvic Pain,https://clinicaltrials.gov/study/NCT06673108,Chronic Pelvic Pain|Chronic Pelvic Pain Syndrome (CPPS),SoLa Pelvic Therapy,2024-10-17,2025-06,2026-06,2024-11-04,,2024-11-04
NCT06673095,"Narrow Excision Versus Wide Excision for the Treatment of Adults With Invasive Cutaneous Melanoma, ICEMAN Trial",https://clinicaltrials.gov/study/NCT06673095,Clinical Stage IA Cutaneous Melanoma AJCC v8|Clinical Stage IB Cutaneous Melanoma AJCC v8|Clinical Stage IIA Cutaneous Melanoma AJCC v8,OHSU Knight Cancer Institute,2024-11-20,2027-12-31,2027-12-31,2024-11-04,,2024-11-04
NCT06673082,Impact of Zinc As a New Adjuvant Therapy for Cow Milk Protein Allergy in Children.,https://clinicaltrials.gov/study/NCT06673082,Cow Milk Protein Allergy,Kasr El Aini Hospital,2024-12-01,2025-04-15,2025-05-15,2024-11-04,,2024-11-04
NCT06673069,"Hero: A Study to Evaluate the Safety, Tolerability, and Pharmacokinetics (PK) and Pharmacodynamics (PD) of ION269 in Participants With Down Syndrome (DS) at Risk for Alzheimer's Disease (AD)",https://clinicaltrials.gov/study/NCT06673069,Alzheimer Disease|Down Syndrome,"Ionis Pharmaceuticals, Inc.",2024-11,2027-02,2027-03,2024-11-04,,2024-11-04
NCT06673056,A Pivotal Study of N-Acetyl-L-Leucine on Ataxia-Telangiectasia (A-T),https://clinicaltrials.gov/study/NCT06673056,Ataxia-Telangiectasia|Ataxia-Telangiectasia (A-T),IntraBio Inc,2025-03-01,2027-12-31,2028-06-01,2024-11-04,,2024-11-04
NCT06673043,Anifrolumab Real-world Treatment Outcomes in Systemic Lupus Erythematosus,https://clinicaltrials.gov/study/NCT06673043,"Lupus Erythematosus, Systemic",AstraZeneca,2025-01-01,2028-06-30,2028-06-30,2024-11-04,,2024-11-04
NCT06673030,Evaluation of the Effectiveness of New Management Techniques in Reducing Dental Anxiety for Children Undergoing Pulpotomy,https://clinicaltrials.gov/study/NCT06673030,Anxiety,Mansoura University,2023-08-05,2024-03-09,2024-09-15,2024-11-04,,2024-11-04
NCT06673017,PTM-101 in Pancreatic Ductal Adenocarcinoma (PDAC),https://clinicaltrials.gov/study/NCT06673017,Pancreatic Ductal Adenocarcinoma|Borderline Resectable Pancreatic Adenocarcinoma|Locally Advanced Pancreatic Adenocarcinoma,PanTher Therapeutics,2024-11,2026-09,2028-06,2024-11-04,,2024-11-04
NCT06673004,Ovarian Tissue Allo-transplantation,https://clinicaltrials.gov/study/NCT06673004,"Ovarian Failure|Ovarian Insufficiency|Menopause Ovarian Failure|Menopause, Premature|Infertility, Female|Endocrine Female Infertility",Rebecca Flyckt,2025-05-30,2030-05-30,2030-05-30,2024-11-04,,2024-11-04
NCT06672991,ERCP and LC for Cholecystocholedocholithiasis in Children: Should It Be Accomplished in One or Repeated Hospitalization?,https://clinicaltrials.gov/study/NCT06672991,"Choledocholithiasis|Cholecystolithiasis|Cholangiopancreatography, Endoscopic Retrograde|Laparoscopic Cholecystectomy in Children|Children|Common Bile Duct Calculi",Moscow Regional Research and Clinical Institute (MONIKI),2024-11-01,2025-01-30,2025-02-02,2024-11-04,,2024-11-04
NCT06672978,"A Study to Evaluate the Safety, Tolerability, and Pharmacokinetics of Meropenem-Vaborbactam in Children With Complicated Urinary Tract Infection, Including Acute Pyelonephritis",https://clinicaltrials.gov/study/NCT06672978,Acute Pyelonephritis|Complicated Urinary Tract Infection,"Melinta Therapeutics, Inc.",2025-01,2027-01,2027-07,2024-11-04,,2024-11-04
NCT06672965,A Clinical Study to Evaluate the Efficacy of Dietary Supplement to Alleviate Stress Versus Placebo in Subjects with Mild to Moderate Levels of Stress,https://clinicaltrials.gov/study/NCT06672965,"Evaluations, Diagnostic Self",Pharmanex,2023-06-19,2023-07-20,2023-07-30,2024-11-04,,2024-11-04
NCT06672952,"Dose-Response Impact of Glucosyl-Hesperidin (CitraPeak) on Exercise Performance, Blood Flow, Stress, Cognition, and Other Perceptual Indicators",https://clinicaltrials.gov/study/NCT06672952,Exercise Performance|Exercise Recovery|Cognitive Function|Nitric Oxide|Blood Flow|Endurance Exercise,Lindenwood University,2025-01-01,2026-01-01,2026-01-01,2024-11-04,,2024-11-04
NCT06672939,"A Study of Orforglipron (LY3502970) in Adolescent Participants With Obesity, or Overweight With Related Comorbidities",https://clinicaltrials.gov/study/NCT06672939,Obesity|Overweight,Eli Lilly and Company,2024-12,2027-02,2027-03,2024-11-04,,2024-11-04
NCT06672926,NEWPROMRI-PATHWAY - A New Prostate Magnetic Resonance Imaging (MRI) Pathway,https://clinicaltrials.gov/study/NCT06672926,Prostate Cancer|MRI,University Hospitals of North Midlands NHS Trust,2024-12,2025-12,2026-12,2024-11-04,,2024-11-04
NCT06672913,Impact of Standardized Skin-to-Skin Care on Clinical Outcomes in Infants Born ≤ 32 Weeks: A Multicenter Study,https://clinicaltrials.gov/study/NCT06672913,Premature|Skin to Skin Contact|Breast Feeding|Necrotizing Enterocolitis|Retinopathy of Prematurity,Baskent University Ankara Hospital,2024-09-01,2025-04-01,2025-06-01,2024-11-04,,2024-11-04
NCT06672900,A Phase 1 Study in Healthy Volunteers to Evaluate the Drug-Drug Interaction Potential of Multiple Doses of ALG-000184.,https://clinicaltrials.gov/study/NCT06672900,Healthy Volunteer,Aligos Therapeutics,2025-01-09,2025-07-07,2025-07-07,2024-11-04,,2024-11-04
NCT06672887,"Enhancing Successful Return to Work of Employees With Cancer, by Supporting Employers (MiLES Intervention)",https://clinicaltrials.gov/study/NCT06672887,Cancer|Neoplasm,Academisch Medisch Centrum - Universiteit van Amsterdam (AMC-UvA),2023-12-18,2025-12,2025-12,2024-11-04,,2024-11-04
NCT06672874,Fermented Papaya and Driving Simulator Older Adult Study,https://clinicaltrials.gov/study/NCT06672874,Healthy,University of Florida,2025-01-02,2026-03-30,2026-05-31,2024-11-04,,2024-11-04
NCT06672861,Development and Validation of the Kansas City Cardiac Dysautonomia Questionnaire (KCDysQ),https://clinicaltrials.gov/study/NCT06672861,Cardiac Dysautonomia,Kansas City Heart Rhythm Research Foundation,2025-04,2025-12,2025-12,2024-11-04,,2024-11-04
NCT06672848,"Comparison of the Effects of Erector Spinae Area (ESP) Block and Thoracic Paravertebral Block (TPVB) on Acute Pain, Postoperative Persistent Pain and Neuropathic Pain in Video-Assisted Thoracoscopic Surgery",https://clinicaltrials.gov/study/NCT06672848,Postoperative Pain,Aydin Adnan Menderes University,2024-11-01,2025-11-01,2026-05-01,2024-11-04,,2024-11-04
NCT06672835,BASIS Optimization,https://clinicaltrials.gov/study/NCT06672835,Mental Health|Health Services|Evidence Based Programs in Schools,University of Washington,2024-10-05,2025-07-15,2025-07-25,2024-11-04,,2024-11-04
NCT06672822,Intralesional Injection of STS in Treatment of Calcinosis,https://clinicaltrials.gov/study/NCT06672822,Systemic Sclerosis (SSc)|Dermatomyositis|Mixed Connective Tissue Disease (MCTD)|Calcinosis,"Robyn T. Domsic, MD, MPH",2024-12-01,2025-05-31,2025-11,2024-11-04,,2024-11-05
NCT06672809,Effects of Core Stability Training on the Function and Control of Deep Stabilizing Muscles,https://clinicaltrials.gov/study/NCT06672809,Core Stability,Kyungdong University,2023-07-01,2023-12-31,2023-12-31,2024-11-04,,2024-11-05
NCT06672796,Comparison of the Effects of Different Exercise Protocols in Individuals with Hallux Valgus,https://clinicaltrials.gov/study/NCT06672796,Hallux Valgus Deformity,Bahar Anaforoglu,2025-01-01,2025-12-31,2026-06-30,2024-11-04,,2024-11-04
NCT06672783,Impact of Focused Echocardiography in Management of Patients in Pediatric Intensive Care Units,https://clinicaltrials.gov/study/NCT06672783,Critical Patients in Pediatric Intesive Care,Sohag University,2024-11,2025-11,2025-11,2024-11-04,,2024-11-04
NCT06672770,Effect of Functional Inspiratory Muscle Training in Patients with Multiple Sclerosis,https://clinicaltrials.gov/study/NCT06672770,Core Muscles|Functional Inspiratory Muscle Training|Multiple Sclerosis|Respiratory Muscles,Selcuk University,2024-11-01,2025-10-31,2025-12-20,2024-11-04,,2024-11-04
NCT06672757,Use of App for Stroke Assessment VS Standard Level of Care During Prehospital Stroke Assessment,https://clinicaltrials.gov/study/NCT06672757,"Stroke, Acute",Naestved Hospital,2024-10-29,2025-12-31,2026-07-01,2024-11-04,,2024-11-04
NCT06672744,"Superior Cluneal Nerve Entrapment Syndrome, Kinesiotaping and Myofascial Release Techniques",https://clinicaltrials.gov/study/NCT06672744,Superior Cluneal Nerve Entrapment,Savaş Karpuz,2022-08-15,2024-08-15,2024-08-16,2024-11-04,,2024-11-04
NCT06672731,"BIOchemical, DEnsitometric, TEChnological and Imaging Tools to Evaluate the Bone/muscle in Children with Cerebral Palsy",https://clinicaltrials.gov/study/NCT06672731,Cerebral Palsy Infantile,IRCCS Fondazione Stella Maris,2024-11-01,2025-05-31,2025-12-31,2024-11-04,,2024-11-04
NCT06672718,A Study of SPY002-091 in Healthy Volunteers,https://clinicaltrials.gov/study/NCT06672718,Healthy,"Spyre Therapeutics, Inc.",2024-11-05,2026-02-18,2026-06-22,2024-11-04,,2024-11-04
NCT06672705,Epcoritamab for the Treatment of Relapsed or Refractory Post Transplant Lymphoproliferative Disorders,https://clinicaltrials.gov/study/NCT06672705,Diffuse Large B-Cell Lymphoma Post-Transplant Lymphoproliferative Disorder|EBV-Related Post-Transplant Lymphoproliferative Disorder|Recurrent Monomorphic Post-Transplant Lymphoproliferative Disorder|Recurrent Polymorphic Post-Transplant Lymphoproliferative Disorder|Refractory Monomorphic Post-Transplant Lymphoproliferative Disorder|Refractory Polymorphic Post-Transplant Lymphoproliferative Disorder,Timothy Voorhees,2025-03-01,2026-12-31,2026-12-31,2024-11-04,,2024-11-04
NCT06672692,"A Multi-Site Clinical Evaluation of the LIAISON NES FLU A/B, RSV & COVID-19 Assay in Symptomatic Patients",https://clinicaltrials.gov/study/NCT06672692,Influenza a|Influenza B|RSV|COVID 19,DiaSorin Molecular LLC,2024-09-30,2025-03,2025-05,2024-11-04,,2024-11-04
NCT06672679,Juntos: a Pilot Test of a Dating Violence Intervention for Latine Families,https://clinicaltrials.gov/study/NCT06672679,Intimate Partner Violence (IPV)|Cultural Diversity|Prevention|Parent,University of Pittsburgh,2024-12-01,2025-12-01,2026-06-01,2024-11-04,,2024-11-04
NCT06672666,Use of CBD in the Treatment of Anxiety,https://clinicaltrials.gov/study/NCT06672666,Anxiety|Generalized Anxiety Disorder|Sleep Problems,University of Florida,2024-12-01,2025-12-01,2026-12-01,2024-11-04,,2024-11-04
NCT06672653,Tolerance and Effectiveness of C14 on HPV Infection,https://clinicaltrials.gov/study/NCT06672653,HPV-induced Cancers|HPV Infections|HIV|Cervical Cancers|Trial|C14|Monoterpenoid Zinc Tetra-ascorbo-camphorate,MGB Pharma,2024-11-15,2025-03-15,2025-07-15,2024-11-04,,2024-11-04
NCT06672640,Effects of Remote Exercise on Physical Function in Pre-Frail Older Adults,https://clinicaltrials.gov/study/NCT06672640,Frail Elderly,Kyungdong University,2023-06-01,2023-12-31,2023-12-31,2024-11-04,,2024-11-04
NCT06672627,Trueness of Digital Occlusal Analysis,https://clinicaltrials.gov/study/NCT06672627,Dental Occlusion|Occlusal Analysis,Alexandria University,2024-09-01,2025-03-01,2025-03-30,2024-11-04,,2024-11-05
NCT06672614,Postexercise Hot-Water Immersion on Exercise Performance in Hypoxia,https://clinicaltrials.gov/study/NCT06672614,Heat Exposure|Exercise Training,Nipissing University,2024-11-01,2025-10-31,2025-10-31,2024-11-04,,2024-11-04
NCT06672601,Intra-abdominal Hypertension and Abdominal Compartment Syndrome in Patients After Pancreatic Procedures.,https://clinicaltrials.gov/study/NCT06672601,Intra Abdominal Pressure|Abdominal Compartment Syndrome|Pancreatic Surgery|Pancreatic Fistula After Pancreaticoduodenectomy|Delayed Gastric Emptying|Anastomotic Leaks|Overload Fluid,"Charles University, Czech Republic",2025-01-01,2027-12-31,2028-03-31,2024-11-04,,2024-11-05
NCT06672588,Magnetic Seizure Therapy for Schizophrenia - Trial,https://clinicaltrials.gov/study/NCT06672588,Treatment Resistant Schizophrenia|Schizophrenia|Schizoaffective Disorder,Centre for Addiction and Mental Health,2024-11,2028-11,2028-11,2024-11-04,,2024-11-04
NCT06672575,A Phase I/II Study of IVONESCIMAB in Recurrent Glioblastoma,https://clinicaltrials.gov/study/NCT06672575,Glioblastoma,M.D. Anderson Cancer Center,2025-04-01,2028-01-31,2030-01-31,2024-11-04,,2024-11-04
NCT06672562,Narrative Enhancement and Cognitive Therapy for Self-Stigma in Youth,https://clinicaltrials.gov/study/NCT06672562,Bipolar Disorder|Multiple Mental Health Conditions,Centre for Addiction and Mental Health,2024-11,2025-12,2026-04,2024-11-04,,2024-11-04
NCT06672549,A Platform Trial for Pediatric Participants With Obesity or Overweight (LY900040),https://clinicaltrials.gov/study/NCT06672549,Obesity|Overweight,Eli Lilly and Company,2024-12,2027-02,2027-03,2024-11-04,,2024-11-04
NCT06672536,"Multicenter, Phase I/II Study to Evaluate the Safety, Tolerability, PK and Efficacy of SCT520FF in Patients with NAMD (phase I Portion)",https://clinicaltrials.gov/study/NCT06672536,NAMD,Sinocelltech Ltd.,2024-11-20,2026-09-23,2027-01-11,2024-11-04,,2024-11-04
NCT06672523,"A Study to Evaluate the Mass Balance, Metabolism, Elimination, and Drug Levels of [14C]-BMS-986504 (MRTX1719) in Participants With Advanced Solid Tumors With Homozygous Methylthioadenosine Phosphorylase Deletion",https://clinicaltrials.gov/study/NCT06672523,Advanced Solid Tumors With Homozygous MTAP Deletion,Bristol-Myers Squibb,2024-12-16,2026-04-20,2026-04-20,2024-11-04,,2024-11-04
NCT06672510,Safety and Effectiveness of the Akura Thrombectomy System for Use in the Removal of Emboli From the Pulmonary Arteries in Treating Acute Pulmonary Embolism (PE),https://clinicaltrials.gov/study/NCT06672510,Pulmonary Embolism Acute,Akura Medical,2024-12,2025-11,2025-12,2024-11-04,,2024-11-04
NCT06672497,Near Infrared Spectroscopy (NIRS) as a Method for Measuring Oxidative Capacity of Skeletal Muscle Mitochondria in Breast Cancer and All Gynecological Cancer Patients,https://clinicaltrials.gov/study/NCT06672497,Breast Cancer|Gynecologic Cancers|Mitochondrial Function,University of South Carolina,2021-09-07,2025-08,2026-03,2024-11-04,,2024-11-04
NCT06672484,Walking Fatigability and Brain Activity in People with Multiple Sclerosis,https://clinicaltrials.gov/study/NCT06672484,Multiple Sclerosis|Healthy,Hasselt University,2024-05-22,2025-04-01,2025-12-31,2024-11-04,,2024-11-04
NCT06672471,Post-Operative Antibiotic Efficacy in Clean Contaminated Head and Neck Surgery: A Randomized Controlled Trial,https://clinicaltrials.gov/study/NCT06672471,"Head and Neck Cancer, Antibiotics",Shaukat Khanum Memorial Cancer Hospital & Research Centre,2024-11-15,2025-08,2025-10,2024-11-04,,2024-11-04
NCT06672458,Upper Extremity Functional Electrical Stimulation (FES) for Restoration of Upper Extremity Function After Spinal Cord Injury (SCI),https://clinicaltrials.gov/study/NCT06672458,Spinal Cord Injuries|Peripheral Nerve Injuries,University of Miami,2025-01-01,2029-01-31,2029-01-31,2024-11-04,,2024-11-04
NCT06672445,Study of ARO-ATXN2 Injection in Adults With Spinocerebellar Ataxia Type 2,https://clinicaltrials.gov/study/NCT06672445,Spinocerebellar Ataxia Type 2,Arrowhead Pharmaceuticals,2024-11,2026-09,2026-09,2024-11-04,,2024-11-04
NCT06672432,Preventing Perinatal Depression with an App-Based CBT Program,https://clinicaltrials.gov/study/NCT06672432,Perinatal Depression|Disease Prevention,Jintang County Maternal and Child Health Hospital,2024-11,2025-07,2025-11,2024-11-04,,2024-11-04
NCT06672419,Effectiveness of AI-Guided Exercise and Pain Neuroscience Education for Fibromyalgia (FIBROIA),https://clinicaltrials.gov/study/NCT06672419,Fibromyalgia|Fibromyalgia Syndrome,Marco Antonio Morales Osorio,2025-01-01,2025-04-01,2025-07-01,2024-11-04,,2024-11-04
NCT06672406,Effect of Probiotic Lacobacillus Reuterii on Serum Bilirubin Levels in Preterm Infants,https://clinicaltrials.gov/study/NCT06672406,"Hyperbilirubinemia, Neonatal",Hasanuddin University,2024-01-01,2024-09-21,2024-10-21,2024-11-04,,2024-11-04
NCT06672393,A Study to Confirm Efficacy and Safety of HS-10374 for Moderate to Severe Plaque Psoriasis,https://clinicaltrials.gov/study/NCT06672393,Psoriasis,Hansoh BioMedical R&D Company,2024-11-04,2025-10-22,2026-06-29,2024-11-04,,2024-11-04
NCT06672380,The INFLUENCE of PHYSICAL ACTIVITY on the HEALTH and WELL-BEING of BREAST CANCER SURVIVORS,https://clinicaltrials.gov/study/NCT06672380,Breast Cancer Survivor,Federal University of Bahia,2023-09-15,2024-01-29,2024-01-29,2024-11-04,,2024-11-04
NCT06672367,Effects of Balance Training with and Without Gaze Stability Exercises on Cognitive Function Balance and Dynamic Postural Stability in Older Adults with Mild Cognitive Impairment,https://clinicaltrials.gov/study/NCT06672367,Elderly Population|Cognitive Dysfunction,Foundation University Islamabad,2024-07-15,2024-12-10,2024-12-30,2024-11-04,,2024-11-04
NCT06672354,Effects of Non-immersive Virtual Reality Training Compared to Otago Exercise Program on Balance and Spatiotemporal Gait Parameters in Elderly Population,https://clinicaltrials.gov/study/NCT06672354,Elderly|Balance|Gait|Virtual Reality,Foundation University Islamabad,2024-06-20,2024-11-15,2024-12-20,2024-11-04,,2024-11-04
NCT06672341,Clinical Studies of Endometrial Cytology and Cervical Methylation Assays in Endometrial Cancer Screening and Fertility-Preservation Evaluation,https://clinicaltrials.gov/study/NCT06672341,Endometrial Cancer|Methylation|Cytology|Fertility Preservation|Screening Tool|Liquid Biopsy|Non-invasive,Yulan Ren,2024-11-04,2025-11-01,2026-02-01,2024-11-04,,2024-11-05
NCT06672328,Action Observation Training for Functional Performance in Children with Cerebral Palsy,https://clinicaltrials.gov/study/NCT06672328,Cerebral Palsy (CP)|Physical Functional Performance,Foundation University Islamabad,2024-09-10,2025-05-15,2025-05-30,2024-11-04,,2024-11-04
NCT06672315,Application of Transesophageal Echocardiography in Pre-hospital Cardiac Arrest Patients,https://clinicaltrials.gov/study/NCT06672315,Out-of-hospital Cardiac Arrest (OHCA),Jen-Tang Sun,2024-11-01,2027-08-31,2027-08-31,2024-11-04,,2024-11-04
NCT06672302,A Prospective Study to Develop and Clinically Validate an in Vitro Diagnostic Medical Device That Uses Blood to Classify Patients At High Risk for Breast Cancer,https://clinicaltrials.gov/study/NCT06672302,Breast Neoplasm,EXoPERT,2024-10-16,2025-12-31,2025-12-31,2024-11-04,,2024-11-04
NCT06672289,Comparison of the Analgesic Effectiveness of Pericapsular Nerve Block and Suprainguinal Fascia Iliac Block Application,https://clinicaltrials.gov/study/NCT06672289,Hip Surgery,TC Erciyes University,2024-11-15,2026-09-15,2026-11-15,2024-11-04,,2024-11-04
NCT06672276,To Evaluate the Pharmacokinetics and Safety of TQD3606 for Injection in Subjects With Renal Insufficiency,https://clinicaltrials.gov/study/NCT06672276,"Resistant to Gram-positive, Gram-negative and Anaerobic Bacteria","Chia Tai Tianqing Pharmaceutical Group Co., Ltd.",2024-11,2025-05,2025-11,2024-11-04,,2024-11-04
NCT06672263,A Clinical Trial to Evaluate the Safety and Tolerability of TQB3911 Tablets in Patients With BCR::ABL Fusion Gene Positive Leukemia,https://clinicaltrials.gov/study/NCT06672263,Chronic Myelogenous Leukemia,"Chia Tai Tianqing Pharmaceutical Group Nanjing Shunxin Pharmaceutical Co., Ltd.",2024-11,2026-09,2026-12,2024-11-04,,2024-11-04
NCT06672250,The Correlation Between Circulatory Tumor Cells and Venous Thrombosis,https://clinicaltrials.gov/study/NCT06672250,"Tumor Cells, Circulating|Venous Thrombosis",Chang Gung Memorial Hospital,2024-05-28,2025-05-27,2027-04-30,2024-11-04,,2024-11-04
NCT06672237,A Phase 3 Study of NTLA-2001 in ATTRv-PN,https://clinicaltrials.gov/study/NCT06672237,"Neuromuscular Disease|Neuromuscular Diseases (NMD)|Neurodegenerative Disease|Neurodegenerative Disease, Hereditary|Neurodegenerative Diseases|Neuromuscular Diseases|Nerve Disorders|Nervous System Disease|Nervous System Diseases|Genetic Disease, Inborn|Amyloidosis, Familial|Amyloidosis, Hereditary|Amyloidosis|Polyneuropathies|Amyloid Neuropathies|Amyloid Neuropathies, Familial|Peripheral Nervous System Disease|Peripheral Nervous System Diseases|Metabolism, Inborn Errors|Metabolic Diseases",Intellia Therapeutics,2024-11,2027-07,2028-08,2024-11-04,,2024-11-04
NCT06672224,Indocyanine Green Fluoroscopy and SPY Angiography for the Assessment of Lymphatic Structure in Breast Cancer Patients at Risk for Breast Cancer-Related Lymphedema,https://clinicaltrials.gov/study/NCT06672224,Breast Cancer-Related Lymphedema|Breast Carcinoma,City of Hope Medical Center,2025-08-14,2026-08-14,2026-08-14,2024-11-04,,2024-11-04
NCT06672211,Vıdeo-Assısted Stoma Care Traınıng Gıven To Patıents Wıth Stoma Adaptıng To Stoma and Complıcatıons,https://clinicaltrials.gov/study/NCT06672211,Stoma - Ileostomy|Stoma Colostomy|Stoma|Education of Patients,Hatay Training and Research Hospital,2021-01-10,2022-09-10,2022-09-10,2024-11-04,,2024-11-04
NCT06672198,ERAC Protocol in Elective Cesarean Surgery,https://clinicaltrials.gov/study/NCT06672198,Cesrean Delivery|Enhanced Recovery After Surgery,"Etlik Zubeyde Hanım Women's Health Care, Training and Research Hospital",2021-12-01,2021-12-01,2022-09-01,2024-11-04,,2024-11-04
NCT06672185,ARC101 in Advanced Solid Tumors,https://clinicaltrials.gov/study/NCT06672185,Advanced Solid Tumor,Third Arc Bio,2025-02-01,2028-05-01,2028-08-01,2024-11-04,,2024-11-04
NCT06672172,A Study of HRS-7535 Compared With Placebo in Adult Participants With Type 2 Diabetes and Inadequately Controlled With Diet and Exercise,https://clinicaltrials.gov/study/NCT06672172,Type 2 Diabetes,"Shandong Suncadia Medicine Co., Ltd.",2024-11,2026-02,2026-07,2024-11-04,,2024-11-04
NCT06672159,Initial Double Sequential External Defibrillation in Out of Hospital Cardiac Arrest,https://clinicaltrials.gov/study/NCT06672159,Cardiac Arrest|Out-Of-Hospital Cardiac Arrest|Ventricular Fibrillation,St. Olavs Hospital,2024-12,2028-06,2028-10,2024-11-04,,2024-11-04
NCT06672146,Comparing New Treatments for People With Newly Diagnosed Acute Myeloid Leukemia That Has an IDH2 Gene Change (A MyeloMATCH Treatment Trial),https://clinicaltrials.gov/study/NCT06672146,Acute Myeloid Leukemia,National Cancer Institute (NCI),2025-02-03,2027-03-31,2027-03-31,2024-11-04,,2024-11-04
NCT06672133,Adebrelimab Combined with Chemotherapy and Thoracic Radiotherapy for First-line Treatment of ES-SCLC,https://clinicaltrials.gov/study/NCT06672133,Extensive Stage Lung Small Cell Carcinoma,Jinming Yu,2024-12,2029-06,2029-12,2024-11-04,,2024-11-05
NCT06672120,Exercise in Triple- Negative Breast Cancer,https://clinicaltrials.gov/study/NCT06672120,"Cancer, Breast",Technical University of Munich,2025-12-01,2027-06-01,2027-12-31,2024-11-04,,2024-11-04
NCT06672107,Driver Training After Stroke,https://clinicaltrials.gov/study/NCT06672107,Stroke,VA Office of Research and Development,2025-12-01,2029-06-30,2029-09-30,2024-11-04,,2024-11-04
NCT06672094,A Study to Investigate the Safety and Efficacy of NeuroQ on Cognitive Function in Health Adults with Self-Reported Memory Problems,https://clinicaltrials.gov/study/NCT06672094,Healthy|Self-reported Memory Problems,LifeSeasons Inc.,2024-03-25,2024-07-23,2024-07-23,2024-11-04,,2024-11-04
NCT06672081,A Randomized Trial for Early Catheter-directed Treatment of High Risk Pulmonary Embolism,https://clinicaltrials.gov/study/NCT06672081,Pulmonary Embolism Acute Massive,Leipzig Heart Science gGmbH,2024-11-15,2027-06-30,2027-06-30,2024-11-04,,2024-11-04
NCT06672068,A Study of TY-9591 With Chemotherapy as 1st Line Treatment in Patients With Mutated Epidermal Growth Factor Receptor NSCLC,https://clinicaltrials.gov/study/NCT06672068,NSCLC,"TYK Medicines, Inc",2024-12-01,2027-12-01,2028-12-01,2024-11-04,,2024-11-04
NCT06672055,A Study to Evaluate VXA-CoV2-3.1 COVID-19 Vaccine Against Currently Approved/Authorized mRNA COVID-19 Injectable Booster Vaccine in Adults Previously Immunized Against COVID-19 Infection,https://clinicaltrials.gov/study/NCT06672055,SARS-CoV2|COVID-19,Vaxart,2024-10-08,2026-01,2026-01,2024-11-04,,2024-11-04
NCT06672042,Parental Adherence of a Mobile Application,https://clinicaltrials.gov/study/NCT06672042,Pediatrics|Medically Complex|Children with Medical Complexity (CMC)|Nursing,Children's Mercy Hospital Kansas City,2025-08,2028-08,2028-08,2024-11-04,,2024-11-04
